time,longitude,latitude,altitude_1,speed_1
1441131160,-86.815321,36.1684328,140,0
1441131165,-86.815321,36.1684328,140,0
1441131170,-86.815321,36.1684328,140,0
1441131175,-86.815321,36.1684328,140,0
1441131180,-86.815321,36.1684328,140,0
1441131185,-86.815321,36.1684328,140,0
1441131190,-86.815321,36.1684328,140,0
1441131195,-86.815321,36.1684328,140,0
1441131200,-86.815321,36.1684328,140,0
1441131205,-86.815321,36.1684328,140,0
1441131210,-86.815321,36.1684328,140,0
1441131215,-86.815321,36.1684328,140,0
1441131220,-86.815321,36.1684328,140,0
1441131225,-86.815321,36.1684328,140,0
1441131230,-86.815321,36.1684328,140,0
1441131235,-86.815321,36.1684328,140,0
1441131240,-86.815321,36.1684328,140,0
1441131245,-86.815321,36.1684328,140,0
1441131250,-86.815321,36.1684328,140,0
1441131255,-86.815321,36.1684328,140,0
1441131260,-86.815321,36.1684328,140,0
1441131265,-86.815321,36.1684328,140,0
1441131270,-86.815321,36.1684328,140,0
1441131275,-86.815321,36.1684328,140,0
1441131280,-86.815321,36.1684328,140,0
1441131285,-86.815321,36.1684328,140,0
1441131290,-86.815321,36.1684328,140,0
1441131295,-86.815321,36.1684328,140,0
1441131300,-86.815321,36.1684328,140,0
1441131305,-86.815321,36.1684328,140,0
1441131310,-86.815321,36.1684328,140,0
1441131315,-86.815321,36.1684328,140,0
1441131320,-86.815321,36.1684328,140,0
1441131325,-86.815321,36.1684328,140,0
1441131330,-86.815321,36.1684328,140,0
1441131335,-86.815321,36.1684328,140,0
1441131340,-86.815321,36.1684328,140,0
1441131345,-86.815321,36.1684328,140,0
1441131350,-86.815321,36.1684328,140,0
1441131355,-86.815321,36.1684328,140,0
1441131360,-86.815321,36.1684328,140,0
1441131365,-86.815321,36.1684328,140,0
1441131370,-86.815321,36.1684328,140,0
1441131375,-86.815321,36.1684328,140,0
1441131380,-86.815321,36.1684328,140,0
1441131385,-86.815321,36.1684328,140,0
1441131390,-86.815321,36.1684328,140,0
1441131395,-86.815321,36.1684328,140,0
1441131400,-86.815321,36.1684328,140,0
1441131405,-86.815321,36.1684328,140,0
1441131410,-86.815321,36.1684328,140,0
1441131415,-86.815321,36.1684328,140,0
1441131420,-86.815321,36.1684328,140,0
1441131425,-86.815321,36.1684328,140,0
1441131430,-86.815321,36.1684328,140,0
1441131435,-86.815321,36.1684328,140,0
1441131440,-86.815321,36.1684328,140,0
1441131445,-86.815321,36.1684328,140,0
1441131450,-86.815321,36.1684328,140,0
1441131455,-86.815321,36.1684328,140,0
1441131460,-86.815321,36.1684328,140,0
1441131465,-86.815321,36.1684328,140,0
1441131470,-86.815321,36.1684328,140,0
1441131475,-86.815321,36.1684328,140,0
1441131480,-86.815321,36.1684328,140,0
1441131485,-86.815321,36.1684328,140,0
1441131490,-86.815321,36.1684328,140,0
1441131495,-86.815321,36.1684328,140,0
1441131500,-86.815321,36.1684328,140,0
1441131505,-86.815321,36.1684328,140,0
1441131510,-86.815321,36.1684328,140,0
1441131515,-86.815321,36.1684328,140,0
1441131520,-86.815321,36.1684328,140,0
1441131525,-86.815321,36.1684328,140,0
1441131530,-86.815321,36.1684328,140,0
1441131535,-86.815321,36.1684328,140,0
1441131540,-86.815321,36.1684328,140,0
1441131545,-86.815321,36.1684328,140,0
1441131550,-86.815321,36.1684328,140,0
1441131555,-86.815321,36.1684328,140,0
1441131560,-86.815321,36.1684328,140,0
1441131565,-86.815321,36.1684328,140,0
1441131570,-86.815321,36.1684328,140,0
1441131575,-86.815321,36.1684328,140,0
1441131580,-86.815321,36.1684328,140,0
1441131585,-86.815321,36.1684328,140,0
1441131590,-86.815321,36.1684328,140,0
1441131595,-86.815321,36.1684328,140,0
1441131600,-86.815321,36.1684328,140,0
1441131605,-86.815321,36.1684328,140,0
1441131610,-86.815321,36.1684328,140,0
1441131615,-86.815321,36.1684328,140,0
1441131620,-86.815321,36.1684328,140,0
1441131625,-86.815321,36.1684328,140,0
1441131630,-86.815321,36.1684328,140,0
1441131635,-86.815321,36.1684328,140,0
1441131640,-86.815321,36.1684328,140,0
1441131645,-86.815321,36.1684328,140,0
1441131650,-86.815321,36.1684328,140,0
1441131655,-86.815321,36.1684328,140,0
1441131660,-86.815321,36.1684328,140,0
1441131665,-86.815321,36.1684328,140,0
1441131670,-86.815321,36.1684328,140,0
1441131675,-86.815321,36.1684328,140,0
1441131680,-86.815321,36.1684328,140,0
1441131685,-86.815321,36.1684328,140,0
1441131690,-86.815321,36.1684328,140,0
1441131695,-86.815321,36.1684328,140,0
1441131700,-86.815321,36.1684328,140,0
1441131705,-86.815321,36.1684328,140,0
1441131710,-86.815321,36.1684328,140,0
1441131715,-86.815321,36.1684328,140,0
1441131720,-86.815321,36.1684328,140,0
1441131725,-86.815321,36.1684328,140,0
1441131730,-86.815321,36.1684328,140,0
1441131735,-86.815321,36.1684328,140,0
1441131740,-86.815321,36.1684328,140,0
1441131745,-86.815321,36.1684328,140,0
1441131750,-86.815321,36.1684328,140,0
1441131755,-86.815321,36.1684328,140,0
1441131760,-86.815321,36.1684328,140,0
1441131765,-86.815321,36.1684328,140,0
1441131770,-86.815321,36.1684328,140,0
1441131775,-86.815321,36.1684328,140,0
1441131780,-86.815321,36.1684328,140,0
1441131785,-86.815321,36.1684328,140,0
1441131790,-86.815321,36.1684328,140,0
1441131795,-86.815321,36.1684328,140,0
1441131800,-86.815321,36.1684328,140,0
1441131805,-86.815321,36.1684328,140,0
1441131810,-86.815321,36.1684328,140,0
1441131815,-86.815321,36.1684328,140,0
1441131820,-86.815321,36.1684328,140,0
1441131825,-86.815321,36.1684328,140,0
1441131830,-86.815321,36.1684328,140,0
1441131835,-86.815321,36.1684328,140,0
1441131840,-86.815321,36.1684328,140,0
1441131845,-86.815321,36.1684328,140,0
1441131850,-86.815321,36.1684328,140,0
1441131855,-86.815321,36.1684328,140,0
1441131860,-86.815321,36.1684328,140,0
1441131865,-86.815321,36.1684328,140,0
1441131870,-86.815321,36.1684328,140,0
1441131875,-86.815321,36.1684328,140,0
1441131880,-86.815321,36.1684328,140,0
1441131885,-86.815321,36.1684328,140,0
1441131890,-86.815321,36.1684328,140,0
1441131895,-86.815321,36.1684328,140,0
1441131900,-86.815321,36.1684328,140,0
1441131905,-86.815321,36.1684328,140,0
1441131910,-86.815321,36.1684328,140,0
1441131915,-86.815321,36.1684328,140,0
1441131920,-86.815321,36.1684328,140,0
1441131925,-86.815321,36.1684328,140,0
1441131930,-86.815321,36.1684328,140,0
1441131935,-86.815321,36.1684328,140,0
1441131940,-86.815321,36.1684328,140,0
1441131945,-86.815321,36.1684328,140,0
1441131950,-86.815321,36.1684328,140,0
1441131955,-86.815321,36.1684328,140,0
1441131960,-86.815321,36.1684328,140,0
1441131965,-86.815321,36.1684328,140,0
1441131970,-86.815321,36.1684328,140,0
1441131975,-86.815321,36.1684328,140,0
1441131980,-86.815321,36.1684328,140,0
1441131985,-86.815321,36.1684328,140,0
1441131990,-86.815321,36.1684328,140,0
1441131995,-86.815321,36.1684328,140,0
1441132000,-86.815321,36.1684328,140,0
1441132005,-86.815321,36.1684328,140,0
1441132010,-86.815321,36.1684328,140,0
1441132015,-86.815321,36.1684328,140,0
1441132020,-86.815321,36.1684328,140,0
1441132025,-86.815321,36.1684328,140,0
1441132030,-86.815321,36.1684328,140,0
1441132035,-86.815321,36.1684328,140,0
1441132040,-86.815321,36.1684328,140,0
1441132045,-86.815321,36.1684328,140,0
1441132050,-86.815321,36.1684328,140,0
1441132055,-86.815321,36.1684328,140,0
1441132060,-86.815321,36.1684328,140,0
1441132065,-86.815321,36.1684328,140,0
1441132070,-86.815321,36.1684328,140,0
1441132075,-86.815321,36.1684328,140,0
1441132080,-86.815321,36.1684328,140,0
1441132085,-86.815321,36.1684328,140,0
1441132090,-86.815321,36.1684328,140,0
1441132095,-86.815321,36.1684328,140,0
1441132100,-86.815321,36.1684328,140,0
1441132105,-86.815321,36.1684328,140,0
1441132110,-86.815321,36.1684328,140,0
1441132115,-86.815321,36.1684328,140,0
1441132120,-86.815321,36.1684328,140,0
1441132125,-86.815321,36.1684328,140,0
1441132130,-86.815321,36.1684328,140,0
1441132135,-86.815321,36.1684328,140,0
1441132140,-86.815321,36.1684328,140,0
1441132145,-86.815321,36.1684328,140,0
1441132150,-86.815321,36.1684328,140,0
1441132155,-86.815321,36.1684328,140,0
1441132160,-86.815321,36.1684328,140,0
1441132165,-86.815321,36.1684328,140,0
1441132170,-86.815321,36.1684328,140,0
1441132175,-86.815321,36.1684328,140,0
1441132180,-86.815321,36.1684328,140,0
1441132185,-86.815321,36.1684328,140,0
1441132190,-86.815321,36.1684328,140,0
1441132195,-86.815321,36.1684328,140,0
1441132200,-86.815321,36.1684328,140,0
1441132205,-86.815321,36.1684328,140,0
1441132210,-86.815321,36.1684328,140,0
1441132215,-86.815321,36.1684328,140,0
1441132220,-86.815321,36.1684328,140,0
1441132225,-86.815321,36.1684328,140,0
1441132230,-86.815321,36.1684328,140,0
1441132235,-86.815321,36.1684328,140,0
1441132240,-86.815321,36.1684328,140,0
1441132245,-86.815321,36.1684328,140,0
1441132250,-86.815321,36.1684328,140,0
1441132255,-86.815321,36.1684328,140,0.9
1441132260,-86.8153575,36.1684345,139,1
1441132265,-86.8154009,36.1684391,139,0.8
1441132270,-86.815444,36.1684324,139,1
1441132275,-86.8154919,36.1684361,138,0.9
1441132280,-86.8155387,36.1684418,138,0.9
1441132285,-86.8155864,36.1684246,139,1.1
1441132290,-86.8156198,36.1684043,139,0.7
1441132295,-86.8156551,36.1683984,139,1.3
1441132300,-86.8157256,36.1683919,139,0.9
1441132305,-86.8157997,36.1683761,139,0.9
1441132310,-86.8158644,36.1683644,140,1.1
1441132315,-86.8159194,36.1683539,139,0.9
1441132320,-86.8159685,36.16835,139,0.9
1441132325,-86.8160044,36.1683356,139,0.9
1441132330,-86.8160593,36.1683291,139,1.3
1441132335,-86.8161077,36.1683246,138,0.8
1441132340,-86.8161631,36.1683146,138,0.9
1441132345,-86.8162018,36.1683287,137,0.6
1441132350,-86.8162254,36.1683329,137,0.9
1441132355,-86.8162862,36.1683258,136,1.1
1441132360,-86.8163369,36.1683281,136,1.2
1441132365,-86.8163984,36.1683229,136,0.2
1441132370,-86.816432,36.168323,136,1.1
1441132375,-86.816516,36.168306,135,1.3
1441132380,-86.8165863,36.1682876,133,1.2
1441132385,-86.8166423,36.1682817,133,1
1441132390,-86.8166941,36.1682839,133,0.8
1441132395,-86.8167343,36.1682868,133,0.9
1441132400,-86.8167931,36.1682896,133,0.9
1441132405,-86.8168357,36.1682652,133,1.4
1441132410,-86.8168775,36.1682543,133,0.7
1441132415,-86.816943,36.1682401,133,0.9
1441132420,-86.8170064,36.1682311,133,0.7
1441132425,-86.8170503,36.1682159,133,0.8
1441132430,-86.8170811,36.1682291,132,1.2
1441132435,-86.8171253,36.1682233,132,0.6
1441132440,-86.8171828,36.1682212,131,0.8
1441132445,-86.8172423,36.1682205,132,0.3
1441132450,-86.8172712,36.16817,131,0.9
1441132455,-86.817313,36.1681378,130,0.7
1441132460,-86.8173511,36.1681251,129,0.7
1441132465,-86.8174074,36.168103,128,1.1
1441132470,-86.8174477,36.1681019,128,0.6
1441132475,-86.8174638,36.1681136,128,0
1441132480,-86.8174645,36.1681217,128,0.7
1441132485,-86.8174739,36.168121,130,0
1441132490,-86.8174839,36.1681223,130,0
1441132495,-86.8174839,36.1681223,129,0
1441132500,-86.8174839,36.1681223,129,0
1441132505,-86.8175063,36.1681261,131,0.4
1441132510,-86.8175063,36.1681261,133,0
1441132515,-86.817504,36.1681646,133,0
1441132520,-86.817504,36.1681646,132,0
1441132525,-86.817504,36.1681646,132,0
1441132530,-86.8175081,36.1681572,132,0.2
1441132535,-86.8174985,36.1681645,132,0
1441132540,-86.8174936,36.1681628,133,0
1441132545,-86.8175075,36.1681624,133,0
1441132550,-86.8175075,36.1681624,134,0
1441132555,-86.8175177,36.168151,133,0
1441132560,-86.8175177,36.168151,132,0
1441132565,-86.8174958,36.1681494,132,0.2
1441132570,-86.8175061,36.1681649,133,0.4
1441132575,-86.8175267,36.1681592,133,0.4
1441132580,-86.8175188,36.1681642,135,0.2
1441132585,-86.8175183,36.1681586,135,0
1441132590,-86.8175183,36.1681586,133,0
1441132595,-86.8175183,36.1681586,133,0
1441132600,-86.8175286,36.1681617,134,0
1441132605,-86.8175286,36.1681617,134,0
1441132610,-86.8175286,36.1681617,133,0
1441132615,-86.8175286,36.1681617,132,0
1441132620,-86.8175397,36.1681521,133,0
1441132625,-86.8175495,36.1681497,133,0.2
1441132630,-86.8175495,36.1681497,132,0
1441132635,-86.8175553,36.1681478,132,0
1441132640,-86.8175553,36.1681478,131,0
1441132645,-86.8175655,36.1681343,135,0.6
1441132650,-86.8175774,36.168118,136,0
1441132655,-86.8175657,36.1681097,136,0
1441132660,-86.8175638,36.1680825,136,1.1
1441132665,-86.817564,36.168075,135,0
1441132670,-86.817564,36.168075,135,0
1441132675,-86.817564,36.168075,135,0
1441132680,-86.8175719,36.1681232,135,0
1441132685,-86.8175871,36.1681289,135,0.6
1441132690,-86.8175871,36.1681289,135,0
1441132695,-86.8175871,36.1681289,135,0
1441132700,-86.8175871,36.1681289,135,0
1441132705,-86.8175871,36.1681289,135,0
1441132710,-86.8175923,36.1681186,135,0
1441132715,-86.8175923,36.1681186,135,0
1441132720,-86.8175923,36.1681186,135,0
1441132725,-86.8175774,36.1681057,135,0
1441132730,-86.8175774,36.1681057,134,0
1441132735,-86.8175774,36.1681057,134,0
1441132740,-86.8175774,36.1681057,134,0
1441132745,-86.8175925,36.1681092,136,0
1441132750,-86.8175812,36.1681091,137,0
1441132755,-86.8175812,36.1681091,136,0
1441132760,-86.8175812,36.1681091,136,0
1441132765,-86.8175812,36.1681091,137,0
1441132770,-86.8175812,36.1681091,135,0
1441132775,-86.8175812,36.1681091,135,0
1441132780,-86.817579,36.1681096,136,0.2
1441132785,-86.8175727,36.1681159,136,0.3
1441132790,-86.8175595,36.1681313,135,0.7
1441132795,-86.8175644,36.1681336,135,0.3
1441132800,-86.8175629,36.1681253,136,0.6
1441132805,-86.8175471,36.1681091,135,0.3
1441132810,-86.8175396,36.1681219,134,0.4
1441132815,-86.8175481,36.1681356,134,0
1441132820,-86.8175746,36.1681715,134,0
1441132825,-86.8175741,36.1681649,135,0.2
1441132830,-86.8175713,36.168164,134,0.2
1441132835,-86.8175733,36.1681669,134,0
1441132840,-86.8175733,36.1681669,134,0
1441132845,-86.8175733,36.1681669,134,0
1441132850,-86.8175633,36.1681596,135,0
1441132855,-86.8175816,36.1681369,136,0.2
1441132860,-86.8176023,36.1681172,136,1
1441132865,-86.8176299,36.1680912,136,0.6
1441132870,-86.8176492,36.1680768,136,0.6
1441132875,-86.8176856,36.1680423,135,0.6
1441132880,-86.8177514,36.1680545,135,0.9
1441132885,-86.8178063,36.1680854,134,0.7
1441132890,-86.8178588,36.1681114,134,0.8
1441132895,-86.8179032,36.1681182,134,0.9
1441132900,-86.8179318,36.1681124,134,0.9
1441132905,-86.8179691,36.1681091,133,0.3
1441132910,-86.8179774,36.1681055,133,0
1441132915,-86.8179798,36.1681291,133,0.3
1441132920,-86.8179756,36.1681332,133,0.4
1441132925,-86.817968,36.1681464,134,0.3
1441132930,-86.8179728,36.1681464,135,0
1441132935,-86.8179728,36.1681464,134,0
1441132945,-86.8179912,36.1681282,135,0.3
1441132950,-86.8180076,36.1681206,135,0.6
1441132955,-86.818012,36.1681206,134,0
1441132960,-86.8179991,36.1680983,134,0.2
1441132965,-86.8179825,36.1680845,135,0.4
1441132970,-86.8178805,36.1680818,134,1.3
1441132975,-86.8178405,36.1680858,134,0
1441132980,-86.8179141,36.1680943,135,0
1441132985,-86.8179837,36.1680977,134,0
1441132990,-86.8179837,36.1680977,135,0
1441132995,-86.8179837,36.1680977,133,0
1441133000,-86.8180391,36.168108,132,0
1441133005,-86.8180391,36.168108,132,0
1441133010,-86.8180528,36.1681297,131,0
1441133015,-86.8180386,36.1681201,132,0.2
1441133020,-86.8180386,36.1681201,133,0
1441133025,-86.8180386,36.1681201,133,0
1441133030,-86.8180173,36.1680928,133,0
1441133035,-86.8180173,36.1680928,133,0
1441133040,-86.8180068,36.1681027,133,0
1441133045,-86.8180217,36.1681223,133,0.5
1441133050,-86.818,36.1681096,134,0.2
1441133055,-86.817976,36.1681065,134,0
1441133060,-86.817976,36.1681065,134,0
1441133065,-86.817976,36.1681065,134,0
1441133070,-86.817976,36.1681065,133,0
1441133075,-86.8179774,36.168094,133,0
1441133080,-86.8179691,36.1680974,134,0
1441133085,-86.8179649,36.168087,134,0
1441133090,-86.8180118,36.1680788,135,0
1441133095,-86.8180062,36.1680889,135,0.2
1441133100,-86.8180008,36.168085,134,0
1441133105,-86.8179975,36.1681037,134,0.5
1441133110,-86.8179964,36.1680928,135,0
1441133115,-86.818001,36.1681008,135,0
1441133120,-86.818001,36.1681008,134,0
1441133125,-86.817993,36.1681194,134,0
1441133130,-86.817993,36.1681194,134,0
1441133135,-86.817993,36.1681194,134,0
1441133140,-86.817993,36.1681194,135,0
1441133145,-86.8179955,36.168099,134,0
1441133150,-86.8180134,36.1681006,133,0.2
1441133155,-86.8180134,36.1681006,133,0
1441133160,-86.8180272,36.1680837,133,0
1441133165,-86.8180272,36.1680837,132,0
1441133170,-86.8180326,36.1681058,133,0.2
1441133175,-86.8180144,36.1681233,131,0.2
1441133180,-86.8180127,36.1681162,132,0
1441133185,-86.8179938,36.1681027,133,0.5
1441133190,-86.817999,36.1680893,134,0.6
1441133195,-86.8179987,36.1680876,134,0
1441133200,-86.8180352,36.1680938,133,0.4
1441133205,-86.8180366,36.1680915,133,0.3
1441133210,-86.8180411,36.1680972,134,0.2
1441133215,-86.8180384,36.1680954,133,0
1441133220,-86.8180384,36.1680954,133,0
1441133225,-86.8179836,36.1681055,134,0
1441133230,-86.8179531,36.1680933,134,0
1441133235,-86.8179531,36.1680933,134,0
1441133240,-86.817971,36.1681046,134,0.2
1441133245,-86.8180048,36.1681136,135,0
1441133250,-86.818063,36.1681173,135,0.4
1441133255,-86.8180455,36.168121,134,0.2
1441133260,-86.8180455,36.168121,134,0
1441133265,-86.8180455,36.168121,134,0
1441133270,-86.8179994,36.1681066,134,0.3
1441133275,-86.817988,36.1680952,135,0
1441133280,-86.817988,36.1680952,135,0
1441133285,-86.817988,36.1680952,135,0
1441133290,-86.8180136,36.1680925,136,0
1441133295,-86.8179907,36.1680906,135,0.4
1441133300,-86.8179907,36.1680906,135,0
1441133305,-86.8180078,36.1680865,135,0
1441133310,-86.8179888,36.1680872,134,0.2
1441133315,-86.8179978,36.1680798,134,0
1441133320,-86.8179957,36.168091,134,0
1441133325,-86.8179957,36.168091,133,0
1441133330,-86.8179957,36.168091,133,0
1441133335,-86.8179983,36.1681019,133,0
1441133340,-86.8180006,36.1681037,133,0
1441133345,-86.818018,36.1681086,133,0
1441133350,-86.818018,36.1681086,134,0
1441133355,-86.818018,36.1681086,134,0
1441133360,-86.818002,36.1681085,134,0.2
1441133365,-86.8179985,36.1681053,135,0
1441133370,-86.8179985,36.1681053,135,0
1441133375,-86.8179985,36.1681053,134,0
1441133380,-86.8180038,36.1681024,134,0
1441133385,-86.8180038,36.1681024,134,0
1441133390,-86.8180037,36.1681194,134,0.2
1441133395,-86.8180083,36.168119,134,0
1441133400,-86.8180083,36.168119,135,0
1441133405,-86.8180083,36.168119,134,0
1441133410,-86.8179934,36.168118,135,0
1441133415,-86.8179876,36.1681144,133,0.2
1441133420,-86.8179986,36.1681342,134,0
1441133425,-86.8179986,36.1681342,133,0
1441133430,-86.8179975,36.1681404,133,0
1441133435,-86.8179975,36.1681404,133,0
1441133440,-86.8179975,36.1681404,133,0
1441133445,-86.8180262,36.1681352,133,0
1441133450,-86.8180244,36.1681575,133,0
1441133455,-86.8180195,36.1681755,134,0
1441133460,-86.8180195,36.1681755,133,0
1441133465,-86.8180195,36.1681755,132,0
1441133470,-86.8180152,36.1681251,131,0
1441133475,-86.8180181,36.1681258,131,0
1441133480,-86.8180136,36.1681358,131,0
1441133485,-86.8179987,36.1681398,130,0
1441133490,-86.8180048,36.1681302,132,0
1441133495,-86.8180048,36.1681302,132,0
1441133500,-86.8180048,36.1681302,133,0
1441133505,-86.8180018,36.1681325,133,0.2
1441133510,-86.8179959,36.1681226,133,0
1441133515,-86.8179984,36.1680911,133,0
1441133520,-86.8179753,36.168104,134,0.3
1441133525,-86.8179638,36.1681158,134,0
1441133530,-86.8179764,36.1681251,134,0.3
1441133535,-86.8179984,36.1681282,134,0.2
1441133540,-86.8180198,36.1681493,133,0.7
1441133545,-86.8180536,36.1681178,133,0.6
1441133550,-86.8180981,36.1681129,132,0.8
1441133555,-86.81814,36.1680967,132,0.8
1441133560,-86.8181784,36.168081,133,0.7
1441133565,-86.8182202,36.168071,132,0.8
1441133570,-86.8182425,36.1680606,131,0.7
1441133575,-86.8182854,36.168042,131,0.8
1441133580,-86.8183323,36.1680368,132,0.8
1441133585,-86.8183571,36.1680287,132,0.7
1441133590,-86.8183933,36.1680175,132,0.8
1441133595,-86.8184501,36.1680145,131,1.3
1441133600,-86.8184892,36.168005,132,0.6
1441133605,-86.8185098,36.1680075,133,0.9
1441133610,-86.8185439,36.168021,133,0.8
1441133615,-86.8185782,36.1680288,133,0.5
1441133620,-86.8186295,36.168035,133,1
1441133625,-86.8186708,36.1680303,132,0.8
1441133630,-86.8187215,36.1680294,132,0.5
1441133635,-86.8187705,36.1680292,132,1.2
1441133640,-86.8188585,36.1680073,131,0.6
1441133645,-86.8188992,36.1679823,130,1.2
1441133650,-86.8189674,36.1679479,130,0.8
1441133660,-86.8190497,36.1679644,130,0.9
1441133665,-86.8191236,36.1679637,130,1
1441133670,-86.8191342,36.1679806,131,0.6
1441133675,-86.8191969,36.1680036,130,1.3
1441133680,-86.8192261,36.1679974,130,0.5
1441133685,-86.8192863,36.1679923,129,1.6
1441133690,-86.8193508,36.1679713,129,0.7
1441133695,-86.8193885,36.1679628,129,0.8
1441133700,-86.819427,36.1679505,131,0.4
1441133705,-86.8194412,36.1679457,130,0
1441133710,-86.8194507,36.1679572,129,0.7
1441133715,-86.8194397,36.1679728,130,0.3
1441133720,-86.8193984,36.1679647,130,0
1441133725,-86.8194011,36.167958,131,0
1441133730,-86.8194108,36.167934,131,0
1441133735,-86.8194108,36.167934,131,0
1441133740,-86.8194108,36.167934,130,0
1441133745,-86.819431,36.1679157,130,0
1441133750,-86.819431,36.1679157,130,0
1441133755,-86.8194363,36.1678936,132,0
1441133760,-86.8194363,36.1678936,131,0
1441133765,-86.8194553,36.1678733,131,0
1441133770,-86.8194451,36.1678805,132,0
1441133775,-86.8194445,36.1678795,133,0.2
1441133780,-86.8194563,36.1678888,132,0.3
1441133785,-86.8194476,36.1678998,132,0
1441133790,-86.819437,36.167908,132,0
1441133795,-86.819435,36.1679158,133,0
1441133800,-86.8194477,36.1679103,133,0.2
1441133805,-86.8194592,36.1679196,134,0.3
1441133810,-86.8194592,36.1679196,133,0
1441133815,-86.8194481,36.1679209,133,0.5
1441133820,-86.819453,36.1679301,133,0
1441133825,-86.819453,36.1679301,131,0
1441133830,-86.8194589,36.1679239,131,0
1441133835,-86.819458,36.1679071,132,0.2
1441133840,-86.8194649,36.1679013,133,0
1441133845,-86.8194608,36.1679195,134,0
1441133850,-86.8194379,36.1679268,134,0
1441133855,-86.8194379,36.1679268,134,0
1441133860,-86.8194323,36.1679074,135,0
1441133865,-86.8194386,36.1678906,134,0
1441133870,-86.8194416,36.1678914,135,0.3
1441133875,-86.8194435,36.1678933,135,0
1441133880,-86.8194412,36.1679162,135,0.2
1441133885,-86.8194412,36.1679162,135,0
1441133890,-86.8194412,36.1679162,135,0
1441133895,-86.8194412,36.1679162,136,0
1441133900,-86.8194412,36.1679162,136,0
1441133905,-86.8194321,36.167911,136,0.6
1441133910,-86.8194241,36.1679371,135,0
1441133915,-86.8194241,36.1679371,135,0
1441133920,-86.8194406,36.1679461,135,0.7
1441133925,-86.8194778,36.1679142,134,0.6
1441133930,-86.8195315,36.1678966,135,0.4
1441133935,-86.8195672,36.16788,134,0.6
1441133940,-86.8195875,36.1678725,134,0.2
1441133945,-86.8195918,36.167878,134,0.2
1441133950,-86.8195953,36.1678631,133,0.6
1441133955,-86.8195953,36.1678631,133,0
1441133960,-86.8196261,36.1678764,132,0.7
1441133965,-86.8196403,36.1678571,133,0.7
1441133970,-86.8196949,36.167833,133,0.2
1441133975,-86.819731,36.167854,132,0.7
1441133980,-86.8198246,36.1678803,131,0.9
1441133985,-86.8198728,36.1678769,131,0.8
1441133990,-86.8199322,36.1678511,130,0.9
1441134000,-86.8200088,36.1678386,130,0.7
1441134005,-86.8200544,36.1678348,131,0.6
1441134010,-86.8200995,36.1678288,132,0.4
1441134015,-86.8201402,36.1678281,131,0.9
1441134020,-86.820185,36.1678373,131,0.7
1441134025,-86.8202344,36.1678502,131,0.8
1441134030,-86.8202851,36.1678692,132,1.1
1441134035,-86.8203389,36.16789,132,0.7
1441134040,-86.8203696,36.167893,132,0.5
1441134045,-86.8203989,36.1679016,132,0.8
1441134050,-86.8204405,36.1679134,132,0.7
1441134055,-86.8204818,36.1679239,132,0.6
1441134060,-86.8205022,36.167928,132,0.5
1441134065,-86.8205135,36.1679364,132,0.2
1441134070,-86.8205135,36.1679364,132,0
1441134075,-86.8205094,36.1679378,132,0
1441134080,-86.8205075,36.1679398,132,0.2
1441134085,-86.8205075,36.1679398,132,0
1441134090,-86.8205075,36.1679398,132,0
1441134095,-86.8204911,36.1679301,132,0
1441134100,-86.8204872,36.1679144,133,0
1441134105,-86.8204878,36.1679135,134,0
1441134110,-86.8204878,36.1679135,133,0
1441134115,-86.8204878,36.1679135,133,0
1441134120,-86.8205129,36.1679004,132,0.8
1441134125,-86.820517,36.1678406,132,1.1
1441134130,-86.8205069,36.1677821,134,0.9
1441134135,-86.8204877,36.1677495,134,0.6
1441134140,-86.8204594,36.1677307,133,0.8
1441134145,-86.8204519,36.1676926,131,0.9
1441134150,-86.8204459,36.1676599,131,0.5
1441134155,-86.820455,36.1676256,133,0.3
1441134160,-86.820455,36.1676256,133,0.3
1441134165,-86.8204662,36.1676095,133,0.6
1441134170,-86.8204737,36.1675961,132,0
1441134175,-86.8204734,36.1675926,133,0
1441134180,-86.8204734,36.1675926,133,0
1441134185,-86.8205102,36.167617,133,0.3
1441134190,-86.820479,36.1676053,134,0.9
1441134195,-86.8204495,36.1675839,135,0.5
1441134200,-86.8204437,36.1675668,133,0
1441134205,-86.820441,36.1675547,133,0.3
1441134210,-86.8204615,36.1675557,133,0
1441134215,-86.8204658,36.1675385,134,1
1441134220,-86.8204526,36.1675108,134,0.4
1441134225,-86.8204152,36.1675027,134,0
1441134230,-86.8204109,36.1675075,135,0
1441134235,-86.8204109,36.1675075,135,0
1441134240,-86.8204109,36.1675075,134,0
1441134245,-86.8204109,36.1675075,134,0
1441134255,-86.8204109,36.1675075,135,0
1441134260,-86.8204109,36.1675075,134,0
1441134265,-86.8204109,36.1675075,133,0
1441134270,-86.8204109,36.1675075,133,0
1441134275,-86.8204109,36.1675075,133,0
1441134280,-86.8204109,36.1675075,133,0
1441134285,-86.8204109,36.1675075,132,0
1441134290,-86.8204363,36.1675047,134,0.2
1441134295,-86.8204863,36.1675514,135,0
1441134300,-86.8204642,36.1675443,136,0.6
1441134305,-86.8204484,36.1674981,136,0.3
1441134310,-86.8204571,36.1674905,136,0.7
1441134315,-86.8203959,36.1675326,137,1.1
1441134320,-86.8204152,36.1674929,137,0
1441134325,-86.8204901,36.1674201,137,0.7
1441134330,-86.8204744,36.1674405,137,0.2
1441134335,-86.8204916,36.1674717,137,0.5
1441134340,-86.8205993,36.167509,137,0.3
1441134345,-86.8204849,36.1675368,137,0.2
1441134350,-86.8204924,36.1675367,137,0.2
1441134355,-86.820485,36.1675094,136,0.5
1441134360,-86.8204207,36.1674851,136,1.7
1441134365,-86.8203583,36.1674673,136,0.5
1441134370,-86.8203617,36.1674673,136,0.3
1441134375,-86.8203704,36.1674689,136,0.3
1441134380,-86.8203924,36.1674936,136,0.4
1441134385,-86.8204267,36.167477,135,0.2
1441134390,-86.8204235,36.1674795,135,0.2
1441134395,-86.8204082,36.1674775,134,0
1441134400,-86.8204087,36.1674766,134,0
1441134405,-86.8204087,36.1674766,134,0
1441134410,-86.8204405,36.1675124,134,0.2
1441134415,-86.8204405,36.1675124,134,0
1441134420,-86.8204426,36.1674964,133,0.2
1441134425,-86.8204187,36.1674634,134,0.3
1441134430,-86.8204288,36.1674346,134,0.9
1441134435,-86.8203745,36.1674236,135,0
1441134440,-86.8203631,36.1674587,136,0.4
1441134445,-86.8203385,36.1674933,136,0.4
1441134450,-86.820329,36.1674968,136,0.4
1441134455,-86.8203384,36.1674697,136,0.6
1441134460,-86.8203172,36.1673996,135,0.3
1441134465,-86.8203552,36.167386,136,0.3
1441134470,-86.8204262,36.1674881,136,1
1441134475,-86.8204361,36.1675516,136,0.2
1441134480,-86.8203853,36.1675969,135,0.8
1441134485,-86.8203787,36.167591,135,0.7
1441134490,-86.8204036,36.1675341,135,0.3
1441134495,-86.820415,36.1675059,136,1
1441134500,-86.820403,36.1674538,136,0.5
1441134505,-86.8203675,36.1675058,136,0.7
1441134510,-86.8203805,36.1675195,135,0.4
1441134515,-86.8204127,36.1675465,135,0.4
1441134520,-86.8204258,36.1675492,136,0
1441134525,-86.820413,36.1675512,135,0.5
1441134530,-86.8203679,36.1675365,135,0.6
1441134535,-86.8204063,36.1675109,135,0.3
1441134540,-86.8204249,36.1675084,134,0
1441134545,-86.8204546,36.1675199,133,0
1441134550,-86.8204605,36.167509,133,0
1441134555,-86.8204459,36.1674943,134,0.4
1441134560,-86.8204607,36.1674729,134,1.1
1441134565,-86.8204477,36.1674681,134,0
1441134570,-86.8204213,36.1674887,133,0
1441134575,-86.8204332,36.1675262,133,0.2
1441134580,-86.8204297,36.1675229,134,0
1441134585,-86.8204297,36.1675229,134,0
1441134590,-86.8204297,36.1675229,133,0
1441134595,-86.8204193,36.1674877,133,0.2
1441134600,-86.8204258,36.1674839,133,0.3
1441134605,-86.8203863,36.1674602,134,0.7
1441134610,-86.8203744,36.1674664,134,0.2
1441134615,-86.8203828,36.1674831,135,0.3
1441134620,-86.8203916,36.1674764,135,0.3
1441134625,-86.8204109,36.1674845,136,0.3
1441134630,-86.8204196,36.1675208,135,0
1441134635,-86.8204196,36.1675208,135,0
1441134640,-86.8204196,36.1675208,134,0
1441134645,-86.8204196,36.1675208,133,0
1441134650,-86.8204196,36.1675208,134,0
1441134655,-86.8204196,36.1675208,134,0
1441134660,-86.8204196,36.1675208,134,0
1441134665,-86.8203857,36.1675324,133,0
1441134670,-86.8203857,36.1675324,134,0
1441134675,-86.8203857,36.1675324,133,0
1441134680,-86.8203857,36.1675324,133,0
1441134685,-86.8203857,36.1675324,133,0
1441134690,-86.8203857,36.1675324,132,0
1441134695,-86.8203857,36.1675324,133,0
1441134700,-86.8203857,36.1675324,133,0
1441134705,-86.8203857,36.1675324,133,0
1441134710,-86.8203857,36.1675324,131,0
1441134715,-86.8203857,36.1675324,132,0
1441134720,-86.8203857,36.1675324,132,0
1441134725,-86.8203857,36.1675324,133,0
1441134730,-86.8203857,36.1675324,132,0
1441134735,-86.8203857,36.1675324,133,0
1441134740,-86.8203857,36.1675324,133,0
1441134745,-86.8203857,36.1675324,133,0
1441134750,-86.8203857,36.1675324,133,0
1441134755,-86.8203857,36.1675324,134,0
1441134760,-86.8203857,36.1675324,134,0
1441134765,-86.8204041,36.1675258,134,0.6
1441134770,-86.8204089,36.1675757,134,0.2
1441134775,-86.8204023,36.1675675,134,0
1441134780,-86.8204023,36.1675675,134,0
1441134785,-86.8204023,36.1675675,134,0
1441134790,-86.8204023,36.1675675,133,0
1441134795,-86.8203789,36.1675348,134,0
1441134800,-86.8203789,36.1675348,135,0
1441134805,-86.8203838,36.1675327,136,0
1441134810,-86.8203731,36.1675314,136,0.2
1441134815,-86.8203895,36.167526,136,0
1441134820,-86.8204149,36.1675163,136,0.2
1441134825,-86.8204705,36.1675591,136,0.6
1441134830,-86.8204535,36.1675779,136,0.3
1441134835,-86.8204452,36.1675748,135,0.2
1441134840,-86.8204323,36.1675545,136,0.4
1441134845,-86.8204336,36.1675253,137,0.4
1441134850,-86.8204342,36.1675065,137,0
1441134855,-86.8204415,36.1675132,137,0
1441134860,-86.820445,36.1675156,137,0.2
1441134865,-86.8204329,36.1675274,137,0.2
1441134870,-86.8204231,36.1675436,137,0.4
1441134875,-86.8204195,36.1675517,137,0.2
1441134880,-86.8203743,36.1675425,136,0.3
1441134885,-86.8203672,36.1675432,136,0.5
1441134890,-86.820363,36.1675458,136,0
1441134895,-86.8203742,36.1675593,136,0
1441134900,-86.820399,36.1675354,136,0.2
1441134905,-86.8204044,36.1675346,137,0.4
1441134910,-86.8204152,36.1675329,137,0
1441134915,-86.820426,36.1675414,137,0
1441134920,-86.8204299,36.1675135,137,0.2
1441134925,-86.8204101,36.1675163,137,0.4
1441134930,-86.8204302,36.1675048,137,0
1441134935,-86.8204302,36.1675048,137,0
1441134940,-86.8204422,36.1674881,137,0.2
1441134945,-86.8204106,36.1674803,137,0.3
1441134950,-86.8204012,36.1674746,137,0
1441134955,-86.8204079,36.167458,138,0
1441134960,-86.8203984,36.1674532,137,0.3
1441134965,-86.8204148,36.1674483,138,0
1441134970,-86.8204371,36.1674419,138,0
1441134975,-86.8204452,36.1674544,137,0.5
1441134980,-86.8204588,36.1674928,137,0.7
1441134985,-86.8204441,36.1674914,137,0.4
1441134990,-86.8204904,36.1675708,136,0.7
1441134995,-86.8204937,36.1675956,137,0.4
1441135000,-86.8204425,36.1675444,136,0.3
1441135005,-86.8204587,36.1675066,136,0.4
1441135010,-86.8204519,36.1674939,137,0
1441135015,-86.8204245,36.1675004,136,0.2
1441135020,-86.8204315,36.1675382,136,0.9
1441135025,-86.8204248,36.1675781,136,0.4
1441135030,-86.8204661,36.1675956,135,0.7
1441135035,-86.8204225,36.1675491,135,0.5
1441135040,-86.82043,36.1675137,136,0.8
1441135045,-86.8204745,36.1675429,136,0.6
1441135050,-86.8204854,36.1675259,136,0.3
1441135055,-86.8205147,36.1675035,137,0.2
1441135060,-86.8204922,36.1675112,136,1.3
1441135065,-86.8204352,36.1675589,137,0.6
1441135070,-86.8204368,36.1675682,135,0.3
1441135075,-86.8204317,36.1675601,135,0
1441135080,-86.8204378,36.1675415,135,0.7
1441135085,-86.8204381,36.1675203,135,0.5
1441135090,-86.8204461,36.167507,135,0
1441135095,-86.8204626,36.1674919,135,0.2
1441135100,-86.8204998,36.167502,135,0.3
1441135105,-86.8204986,36.1675091,135,0
1441135110,-86.8204973,36.167514,134,0.6
1441135115,-86.8205058,36.1675177,135,0.4
1441135120,-86.8205071,36.1675045,135,0.5
1441135125,-86.8204978,36.1674689,135,0.4
1441135130,-86.8205009,36.1674304,135,1
1441135135,-86.8204805,36.1674041,135,0.3
1441135140,-86.8204845,36.1673995,134,0.2
1441135145,-86.820489,36.167392,134,0
1441135150,-86.8204886,36.167389,135,0
1441135155,-86.8204865,36.1673917,134,0.2
1441135160,-86.8204753,36.1673931,135,0.6
1441135165,-86.8204913,36.1674143,135,0.4
1441135170,-86.820481,36.1674269,136,0
1441135175,-86.8204745,36.1674374,136,1.4
1441135180,-86.8204582,36.1674576,136,0.2
1441135185,-86.8204511,36.167439,136,0.8
1441135190,-86.8204689,36.1674265,136,0.2
1441135195,-86.8204761,36.167433,137,0.3
1441135200,-86.8204756,36.1674417,136,0.3
1441135205,-86.8204885,36.1674397,137,0
1441135210,-86.8204885,36.1674397,136,0
1441135215,-86.8204906,36.1674341,136,0.3
1441135220,-86.820489,36.1674372,135,0
1441135225,-86.8204815,36.1674382,136,0
1441135230,-86.8204815,36.1674382,135,0
1441135235,-86.8204815,36.1674382,135,0
1441135240,-86.8204608,36.1674417,136,0.5
1441135245,-86.8204232,36.1674343,135,0.6
1441135250,-86.8203983,36.1674304,135,0.2
1441135255,-86.820408,36.1674235,136,0.3
1441135260,-86.820426,36.1674104,136,0.4
1441135265,-86.8204454,36.1673995,136,0.2
1441135270,-86.8204294,36.1673984,137,0
1441135275,-86.8204272,36.1674068,137,0.2
1441135280,-86.8204287,36.1674001,138,0
1441135285,-86.8204251,36.1674017,138,0
1441135290,-86.8204191,36.1674049,138,0
1441135295,-86.8203969,36.1674043,138,0.3
1441135300,-86.8203748,36.1674093,138,0
1441135310,-86.8203946,36.1673958,138,0
1441135315,-86.8203715,36.1674277,138,0
1441135320,-86.8203831,36.1674326,138,0.2
1441135325,-86.8203803,36.1674315,138,0
1441135330,-86.8203916,36.1674405,138,0.3
1441135335,-86.8203936,36.1674174,138,0.3
1441135340,-86.8203922,36.1674265,138,0
1441135345,-86.8203923,36.1674335,137,0
1441135350,-86.820352,36.1674191,137,0
1441135355,-86.820352,36.1674191,137,0
1441135360,-86.8203274,36.1674119,137,0.2
1441135365,-86.8203274,36.1674119,137,0
1441135370,-86.8203274,36.1674119,137,0
1441135375,-86.8203274,36.1674119,137,0
1441135380,-86.8203274,36.1674119,137,0
1441135385,-86.8203274,36.1674119,137,0
1441135390,-86.8203274,36.1674119,138,0
1441135395,-86.8203299,36.1674009,138,0
1441135400,-86.8203791,36.1673849,138,0.2
1441135405,-86.8203778,36.1673768,138,0.2
1441135410,-86.8203771,36.1673902,138,0.6
1441135415,-86.8203382,36.1674121,137,0.7
1441135420,-86.8203163,36.1674405,137,0.4
1441135425,-86.8203077,36.1674612,136,0.4
1441135430,-86.8202823,36.1674591,137,0.6
1441135435,-86.8202368,36.1674481,137,0.7
1441135440,-86.8201959,36.1674343,138,0.8
1441135445,-86.8201831,36.1674347,137,0.3
1441135450,-86.8201614,36.1674255,137,0.2
1441135455,-86.8201589,36.167398,136,0.3
1441135460,-86.8201384,36.1673935,136,0.4
1441135465,-86.8201261,36.1674323,136,0.3
1441135470,-86.8201116,36.1674248,136,0.6
1441135475,-86.8201007,36.1674288,136,0.4
1441135480,-86.8200573,36.1673943,136,0.3
1441135485,-86.8200868,36.1673737,137,0.9
1441135495,-86.8201556,36.1673834,137,0
1441135500,-86.8200845,36.1674186,137,0.9
1441135515,-86.8199588,36.1673282,138,0.6
1441135520,-86.8199496,36.1674077,138,1.2
1441135525,-86.8200246,36.1675342,137,1.9
1441135535,-86.8195185,36.1673376,138,0.8
1441135540,-86.8197675,36.1669646,138,0.7
1441135545,-86.8200575,36.1670877,139,0.6
1441135550,-86.8201126,36.1672059,138,0.3
1441135555,-86.8201374,36.1672084,138,1.1
1441135560,-86.8200865,36.1671812,138,0.8
1441135565,-86.820036,36.1671783,138,1.1
1441135575,-86.8200322,36.1672777,138,1.6
1441135580,-86.820088,36.1673019,138,0.5
1441135585,-86.8201783,36.1673345,138,0.3
1441135590,-86.8202284,36.1673255,138,0.3
1441135595,-86.8203116,36.1672809,138,1.3
1441135600,-86.8204371,36.1672634,138,0.9
1441135605,-86.8204305,36.1672584,138,0
1441135610,-86.8204357,36.1672536,138,0
1441135615,-86.8204425,36.1672501,138,-1
1441135620,-86.8204784,36.1672647,138,0.6
1441135625,-86.8204784,36.1672647,138,0
1441135630,-86.8204675,36.1673162,138,2.4
1441135635,-86.8203918,36.1673282,138,2.5
1441135640,-86.8203123,36.1673914,138,2.2
1441135650,-86.8205698,36.1673511,138,0.3
1441135655,-86.8205183,36.167386,138,0.3
1441135660,-86.8205183,36.167386,138,0
1441135665,-86.8206053,36.167367,138,1.4
1441135670,-86.8204952,36.1673531,138,0.9
1441135675,-86.8205001,36.1672898,138,0.9
1441135680,-86.8202463,36.167279,138,1
1441135685,-86.8204265,36.1673212,138,0.2
1441135690,-86.8204093,36.1673119,138,1.5
1441135695,-86.8203906,36.167304,138,0
1441135700,-86.8203797,36.1673184,138,0
1441135705,-86.8202968,36.1673181,138,0.2
1441135710,-86.8199735,36.1674213,138,1.6
1441135715,-86.8201022,36.1673927,138,0.6
1441135720,-86.8201119,36.1673827,138,0.4
1441135725,-86.8198979,36.1673875,138,0.5
1441135730,-86.8201254,36.167554,137,0
1441135735,-86.8201484,36.1674699,137,0.7
1441135740,-86.8201108,36.1673567,138,0.2
1441135745,-86.8199732,36.1673879,138,1.3
1441135750,-86.819938,36.1673715,138,0.9
1441135755,-86.8199094,36.1672383,138,0
1441135760,-86.8199317,36.1674049,138,0.7
1441135765,-86.8199851,36.167334,138,0.3
1441135770,-86.8200381,36.1672592,138,0.2
1441135775,-86.8200362,36.1672588,138,0.7
1441135785,-86.8200875,36.1673703,138,0.4
1441135790,-86.8203649,36.1672945,138,0.8
1441135795,-86.8202988,36.1674669,138,0.5
1441135800,-86.8201389,36.1674975,137,0
1441135805,-86.8201363,36.1674768,137,0.4
1441135815,-86.8201289,36.1674806,137,0.3
1441135820,-86.8201947,36.1674395,138,0
1441135825,-86.8201618,36.1674312,137,0.5
1441135830,-86.8202161,36.1674346,138,1.6
1441135835,-86.8203282,36.16749,138,1.3
1441135840,-86.8203191,36.1674616,138,0.6
1441135845,-86.8203723,36.1674102,138,0.5
1441135850,-86.8203861,36.1673942,138,0.7
1441135855,-86.8199267,36.1673424,138,3
1441135860,-86.8199355,36.1674888,138,0.8
1441135865,-86.819878,36.167527,138,0
1441135870,-86.820039,36.1674866,138,0
1441135875,-86.820021,36.1674415,138,0
1441135880,-86.8200679,36.1674396,138,0.3
1441135885,-86.8200652,36.167412,138,1.1
1441135890,-86.8200583,36.1673609,138,0.2
1441135900,-86.8200322,36.1674248,138,1
1441135905,-86.820204,36.1673289,138,1.2
1441135910,-86.8202923,36.1673335,138,2.5
1441135915,-86.8202003,36.167373,138,0.6
1441135920,-86.8201238,36.1673396,139,1.2
1441135925,-86.8201169,36.1673364,139,0.6
1441135930,-86.8201484,36.1672732,139,1.3
1441135935,-86.8201957,36.1671872,139,2
1441135940,-86.8202014,36.1670897,139,1
1441135945,-86.8201897,36.1670652,140,0.8
1441135950,-86.8201518,36.1673404,139,0.8
1441135955,-86.8200766,36.1672936,139,0.8
1441135960,-86.820024,36.1672628,139,0.5
1441135965,-86.8199163,36.1673274,138,0.6
1441135970,-86.8198947,36.1673754,138,0
1441135975,-86.8198947,36.1673754,138,0
1441135980,-86.8198947,36.1673754,138,0
1441135985,-86.8198947,36.1673754,138,0
1441135990,-86.8198947,36.1673754,138,0
1441135995,-86.8198947,36.1673754,138,0
1441136000,-86.8198947,36.1673754,138,0
1441136005,-86.8198913,36.1674063,138,0.2
1441136010,-86.8199335,36.1674621,138,0.8
1441136015,-86.8200664,36.1674002,138,0.7
1441136020,-86.8201473,36.1674057,139,0.6
1441136025,-86.8201512,36.1674082,138,0
1441136030,-86.8201512,36.1674082,138,0
1441136035,-86.8201754,36.1673803,138,0.3
1441136040,-86.8201699,36.1673826,138,0
1441136045,-86.8201449,36.1673758,138,0.6
1441136050,-86.8201352,36.1674182,138,0.6
1441136055,-86.8200148,36.1674945,138,0
1441136060,-86.8200047,36.1675135,138,0
1441136065,-86.8200094,36.1674694,138,0.7
1441136075,-86.8200029,36.1674878,138,0
1441136080,-86.8200362,36.1673821,138,0.4
1441136085,-86.8200602,36.1673801,139,0.6
1441136090,-86.820071,36.1673492,138,0.3
1441136095,-86.8200132,36.1673275,138,0.3
1441136100,-86.8200037,36.1674013,138,0.4
1441136105,-86.8199878,36.1674228,138,0.6
1441136110,-86.8199805,36.1674135,138,0.2
1441136115,-86.8199798,36.167431,138,0.8
1441136125,-86.8201152,36.1674747,138,1.2
1441136130,-86.8202098,36.1675175,138,3.5
1441136135,-86.8202092,36.1676717,137,1.5
1441136140,-86.8201643,36.1676064,137,0.8
1441136145,-86.8201437,36.1675363,138,0
1441136150,-86.8201228,36.1675045,137,0
1441136155,-86.8201005,36.1674565,137,0
1441136160,-86.820076,36.1673996,137,0
1441136165,-86.820076,36.1673996,137,0
1441136170,-86.8200464,36.1673732,136,0
1441136175,-86.8200427,36.167368,136,0
1441136180,-86.8200464,36.1673821,137,0.2
1441136185,-86.8200458,36.1673784,137,0
1441136190,-86.8200458,36.1673784,136,0
1441136195,-86.8200693,36.167369,136,0.3
1441136200,-86.8200758,36.1673643,136,0
1441136205,-86.8200758,36.1673643,135,0
1441136210,-86.8200758,36.1673643,135,0
1441136215,-86.8201183,36.1673557,136,0
1441136220,-86.8201183,36.1673557,137,0
1441136225,-86.8201183,36.1673557,137,0
1441136230,-86.8201136,36.1673932,136,0
1441136235,-86.8201136,36.1673932,136,0
1441136240,-86.8200966,36.1673801,135,0
1441136245,-86.8200966,36.1673801,136,0
1441136250,-86.8200966,36.1673801,135,0
1441136255,-86.8201028,36.1673437,135,0.2
1441136260,-86.8201028,36.1673437,136,0
1441136265,-86.820107,36.1673776,136,0.2
1441136270,-86.8201076,36.1673496,136,0.2
1441136275,-86.8201076,36.1673496,136,0
1441136280,-86.8201087,36.1673372,136,0.2
1441136285,-86.8200977,36.1673327,136,0.3
1441136290,-86.8200975,36.1673324,137,0
1441136295,-86.8200975,36.1673324,136,0
1441136300,-86.820087,36.1673075,136,0.2
1441136305,-86.8200858,36.1673078,136,0
1441136310,-86.8200858,36.1673078,136,0
1441136315,-86.8200858,36.1673078,137,0
1441136320,-86.8200897,36.1673016,138,0.2
1441136325,-86.8200787,36.1672787,137,0.2
1441136330,-86.8200787,36.1672787,136,0
1441136335,-86.8200787,36.1672787,137,0
1441136340,-86.8200834,36.1672773,137,0.2
1441136345,-86.8200441,36.1672937,137,0.3
1441136350,-86.8200919,36.1672969,136,0.2
1441136355,-86.8200692,36.1673378,136,0.2
1441136360,-86.8200656,36.1673437,137,0
1441136365,-86.8200714,36.1673426,137,0
1441136370,-86.8200691,36.1673461,137,0
1441136375,-86.8200897,36.1673132,136,0.3
1441136380,-86.8200809,36.1673176,137,0.2
1441136385,-86.8200825,36.1673205,137,0.3
1441136390,-86.8200884,36.1673381,138,0.2
1441136395,-86.8200783,36.1674484,139,0.7
1441136400,-86.8200783,36.1674484,139,0.7
1441136405,-86.820083,36.167416,138,0.6
1441136410,-86.8201513,36.1673763,138,0.5
1441136415,-86.820137,36.1673604,138,0.5
1441136425,-86.8199534,36.1673117,138,0.6
1441136430,-86.8198772,36.1673278,138,0.4
1441136435,-86.8198221,36.167296,138,0.6
1441136440,-86.8198469,36.167326,138,0.8
1441136445,-86.8198245,36.1673716,138,0.4
1441136450,-86.819852,36.1674232,138,0.6
1441136455,-86.819861,36.1674097,137,0.5
1441136460,-86.8198177,36.1673683,137,0.2
1441136465,-86.8198004,36.1673638,138,0.2
1441136475,-86.8199377,36.167147,138,0.7
1441136480,-86.8198144,36.1671829,138,1.7
1441136485,-86.8198528,36.1675377,137,1.5
1441136490,-86.8196702,36.1675104,138,0.9
1441136495,-86.819653,36.1674895,138,0
1441136500,-86.8197106,36.1675109,137,-1
1441136505,-86.8197463,36.1674123,138,0.3
1441136510,-86.8199278,36.1674575,137,0.3
1441136515,-86.8198941,36.1674676,137,0.9
1441136525,-86.8197868,36.1676147,137,1.4
1441136535,-86.8198096,36.1676385,137,0.8
1441136540,-86.8199136,36.1676272,137,1.2
1441136545,-86.8199819,36.1674111,137,0.6
1441136550,-86.8199589,36.167414,138,0.4
1441136555,-86.8199897,36.1674345,138,1
1441136560,-86.8200454,36.1675093,137,1.4
1441136570,-86.820391,36.1675527,138,2.1
1441136585,-86.8208801,36.1673773,140,2.7
1441136590,-86.8205663,36.1676169,138,0.3
1441136595,-86.8202112,36.167725,138,0
1441136600,-86.8202112,36.167725,137,0
1441136605,-86.8201848,36.1676063,137,0.2
1441136610,-86.819936,36.1674385,138,0
1441136615,-86.8199346,36.167473,138,0.6
1441136620,-86.8198846,36.1674956,138,0
1441136625,-86.8198352,36.1674855,138,0.5
1441136630,-86.8198446,36.1675343,137,0.3
1441136635,-86.8198176,36.1675799,137,0.8
1441136645,-86.8198631,36.1675796,137,0
1441136650,-86.8198475,36.1675289,137,0.2
1441136660,-86.8197785,36.1674835,137,0.9
1441136665,-86.8198185,36.1677261,136,0.6
1441136670,-86.8201213,36.167458,137,0.9
1441136675,-86.8200625,36.1673892,137,1
1441136680,-86.819998,36.167431,137,0.6
1441136685,-86.8199308,36.1674688,137,0.7
1441136690,-86.8199663,36.1673801,137,0.2
1441136695,-86.8199518,36.1674662,137,0.2
1441136700,-86.8198833,36.167576,137,0.3
1441136705,-86.8198817,36.1675478,136,0.2
1441136715,-86.8198138,36.1674515,137,1
1441136720,-86.819758,36.1675171,137,0.4
1441136725,-86.8197318,36.1675809,137,0.4
1441136730,-86.8197439,36.1675135,136,0.5
1441136735,-86.8197142,36.1674877,137,0.7
1441136740,-86.819746,36.1675049,137,0.6
1441136745,-86.8197546,36.1674424,137,0
1441136750,-86.819792,36.1674104,137,0.4
1441136760,-86.8199348,36.1674731,137,0.3
1441136765,-86.8199779,36.1674948,136,0.3
1441136770,-86.8199894,36.16749,137,0.4
1441136775,-86.8199889,36.167488,137,0.4
1441136780,-86.8200177,36.1674579,138,0.2
1441136785,-86.8200259,36.1674411,138,0.4
1441136790,-86.8200508,36.1674399,138,0.2
1441136795,-86.820112,36.1674608,138,1.1
1441136800,-86.8201572,36.1674888,137,0.8
1441136805,-86.8201604,36.1674973,137,0.7
1441136810,-86.8201395,36.1675296,137,0.6
1441136815,-86.8201226,36.1675298,137,0.5
1441136820,-86.8201363,36.1675337,137,0.5
1441136825,-86.8201495,36.1675668,137,0.7
1441136830,-86.8201068,36.1675994,136,1
1441136835,-86.8200712,36.16765,135,0.5
1441136840,-86.8200684,36.1676767,135,0.6
1441136845,-86.8200564,36.1676773,134,0.4
1441136850,-86.8200476,36.1676818,134,0.2
1441136855,-86.8200254,36.1676785,134,0.5
1441136860,-86.8200101,36.1676915,134,0.2
1441136865,-86.820017,36.1676981,134,0
1441136870,-86.820007,36.1677065,133,0.6
1441136875,-86.8199922,36.1677138,133,0.6
1441136880,-86.8199664,36.1677273,133,0.7
1441136885,-86.8199325,36.1677296,134,0.6
1441136890,-86.81989,36.16775,134,0.9
1441136895,-86.8198323,36.1677615,135,0.7
1441136905,-86.8197524,36.1677614,134,1
1441136910,-86.819703,36.1677611,134,0.8
1441136915,-86.8196633,36.1677673,133,0.9
1441136920,-86.8195897,36.1677772,133,0.8
1441136925,-86.8195464,36.1677793,133,1.1
1441136930,-86.819486,36.1677803,133,0.8
1441136935,-86.8194327,36.1677894,134,0.9
1441136940,-86.8193852,36.1677841,133,0.8
1441136945,-86.8193391,36.167804,133,0.9
1441136950,-86.8192958,36.167816,134,0.8
1441136955,-86.8192562,36.1678273,134,0.7
1441136960,-86.8192081,36.1678289,135,1
1441136965,-86.8191422,36.1678279,135,0.9
1441136970,-86.8190823,36.1678355,135,0.8
1441136975,-86.8190334,36.1678381,135,0.9
1441136980,-86.8189752,36.1678423,135,0.9
1441136985,-86.818919,36.1678607,135,0.7
1441136990,-86.8188751,36.16787,135,0.5
1441136995,-86.8188432,36.1678718,135,0.9
1441137000,-86.8187922,36.1678834,134,0.9
1441137005,-86.8187524,36.1678701,134,0.6
1441137010,-86.8187085,36.1678652,135,1.3
1441137015,-86.8186442,36.1678924,135,1
1441137020,-86.8186133,36.1678868,135,0.4
1441137025,-86.8186117,36.1678759,135,0
1441137030,-86.818604,36.1678698,135,0.2
1441137035,-86.8186019,36.1678654,135,0
1441137040,-86.8185983,36.1678683,134,0.4
1441137045,-86.8185569,36.1678779,134,0.4
1441137050,-86.8185339,36.1678956,134,0.4
1441137055,-86.8185011,36.1679067,134,0.5
1441137060,-86.8184636,36.1679134,135,0.6
1441137065,-86.8184223,36.1679064,135,0.2
1441137070,-86.8183794,36.1679171,135,0.8
1441137075,-86.8183544,36.1679507,135,0
1441137080,-86.8183553,36.1679556,133,0.3
1441137085,-86.8183233,36.1679384,134,0
1441137090,-86.8183233,36.1679384,133,0
1441137095,-86.8183233,36.1679384,133,0
1441137100,-86.8183233,36.1679384,133,0
1441137105,-86.8183165,36.1679201,134,0
1441137110,-86.8183083,36.1679215,134,0
1441137115,-86.8183083,36.1679215,133,0
1441137120,-86.8183144,36.1679272,133,0.2
1441137125,-86.8183012,36.1679597,134,0.7
1441137130,-86.818281,36.1679891,135,0.7
1441137135,-86.8182726,36.1680199,133,0.9
1441137140,-86.8182433,36.1680574,134,0.9
1441137145,-86.8182182,36.1680884,135,0.6
1441137150,-86.818199,36.1681172,134,0.8
1441137155,-86.8181841,36.1681502,133,0.9
1441137160,-86.8181618,36.1681889,134,0.6
1441137165,-86.8181566,36.1682284,134,1
1441137170,-86.8181557,36.1682722,133,0.7
1441137175,-86.8181431,36.1682947,134,0.4
1441137180,-86.8181032,36.1683045,134,1
1441137185,-86.818063,36.1683118,134,0.6
1441137190,-86.818051,36.1683407,134,0.8
1441137200,-86.8179511,36.1683504,135,1.7
1441137205,-86.8179641,36.1683908,135,1.2
1441137215,-86.8179369,36.1683874,135,0.8
1441137220,-86.8178896,36.1684568,135,0.5
1441137225,-86.8179264,36.1685015,135,0.4
1441137230,-86.8179615,36.1684937,135,0
1441137235,-86.81792,36.1684493,135,0.3
1441137240,-86.8179711,36.1683904,134,0.8
1441137245,-86.8179711,36.1683904,134,0
1441137250,-86.8179711,36.1683904,133,0
1441137255,-86.8179711,36.1683904,134,0
1441137260,-86.8179711,36.1683904,134,0
1441137265,-86.8180036,36.1683527,134,0
1441137270,-86.8180365,36.1683605,134,0.3
1441137275,-86.8180805,36.1683355,133,0.4
1441137280,-86.8181106,36.1683232,133,0
1441137285,-86.8181106,36.1683232,133,0
1441137290,-86.8181106,36.1683232,132,0
1441137295,-86.8181106,36.1683232,132,0
1441137300,-86.8181106,36.1683232,133,0
1441137305,-86.8181106,36.1683232,133,0
1441137310,-86.8180799,36.1683311,133,0.9
1441137315,-86.8181156,36.1683686,134,0.8
1441137320,-86.8181139,36.1684045,134,1
1441137325,-86.8180955,36.168454,133,0.2
1441137330,-86.8180944,36.1684521,133,0.6
1441137335,-86.818083,36.1684271,133,0.6
1441137340,-86.8180955,36.1684202,132,0.8
1441137345,-86.8180933,36.1684117,133,0.3
1441137350,-86.8180873,36.1684051,132,0.2
1441137355,-86.8180741,36.1684215,132,0.8
1441137360,-86.8180337,36.1683926,133,0.7
1441137365,-86.8180163,36.1683825,133,0.3
1441137370,-86.8180489,36.1683739,134,0.9
1441137375,-86.8179955,36.1684165,133,0.5
1441137380,-86.8180082,36.1683806,133,0.5
1441137385,-86.8180832,36.1683368,134,1.4
1441137390,-86.8181132,36.1683031,133,0.6
1441137395,-86.818194,36.1682348,132,1.1
1441137400,-86.8182124,36.1682075,132,0.8
1441137405,-86.8181005,36.1681562,133,0.5
1441137410,-86.8180642,36.1681395,134,0.4
1441137420,-86.8180725,36.1680404,135,1.5
1441137425,-86.8180155,36.1681326,135,0.5
1441137430,-86.8180341,36.1682152,135,0.6
1441137435,-86.8180966,36.1682087,133,0.7
1441137440,-86.8181267,36.1681979,134,0.5
1441137445,-86.8181281,36.1681918,133,0
1441137450,-86.8181071,36.1682227,132,0
1441137455,-86.8180858,36.1682157,133,0
1441137460,-86.8180747,36.1682148,133,0.5
1441137465,-86.8180904,36.1682068,134,0.3
1441137470,-86.8181052,36.1682247,133,0.5
1441137475,-86.8180981,36.1682372,133,0.6
1441137480,-86.8181109,36.168204,133,0.2
1441137485,-86.8180988,36.1682015,134,0.3
1441137490,-86.8180523,36.1682171,134,1.1
1441137495,-86.8180214,36.1682389,134,0.4
1441137500,-86.8179933,36.1683681,134,0.6
1441137505,-86.8179856,36.1683264,135,0.3
1441137510,-86.8179974,36.1682979,135,0.2
1441137515,-86.8180378,36.1682751,135,0
1441137520,-86.8180378,36.1682751,134,0
1441137525,-86.8180378,36.1682751,133,0
1441137530,-86.8180378,36.1682751,134,0
1441137535,-86.8180469,36.1682555,134,0.8
1441137540,-86.8180323,36.1682574,134,0.2
1441137545,-86.8180323,36.1682663,134,0.3
1441137550,-86.8180194,36.1682632,135,0.6
1441137555,-86.8180227,36.1682797,134,0.5
1441137560,-86.8180877,36.1682697,135,0.4
1441137565,-86.8180939,36.1682831,135,0.2
1441137570,-86.8180521,36.1682743,135,0.3
1441137575,-86.81806,36.1682679,135,0
1441137580,-86.8180595,36.1682646,135,0
1441137585,-86.8180104,36.1682722,135,0.2
1441137590,-86.8180198,36.1682589,135,0.2
1441137595,-86.8180265,36.1682726,135,0.2
1441137600,-86.8180243,36.1682782,135,0
1441137605,-86.8180093,36.1682657,135,0.3
1441137620,-86.8179621,36.1682378,135,0.2
1441137630,-86.8179009,36.1682825,135,0.8
1441137635,-86.8182422,36.1682687,135,0.8
1441137640,-86.8181436,36.1683604,135,1
1441137645,-86.8180576,36.1683836,135,0.9
1441137650,-86.8179997,36.1683338,135,0.6
1441137655,-86.8180578,36.1682305,135,1.1
1441137660,-86.8179899,36.1681976,135,0.6
1441137665,-86.8180121,36.1681512,135,0.9
1441137670,-86.8179673,36.1681898,135,0.6
1441137675,-86.8179977,36.1681871,135,0.6
1441137685,-86.8179766,36.1681896,135,0.2
1441137690,-86.8180971,36.1681673,135,1
1441137695,-86.8181174,36.1682209,135,1
1441137700,-86.8180418,36.1682768,135,0.8
1441137705,-86.8178644,36.1683316,135,1.4
1441137710,-86.8178663,36.1683147,135,0.4
1441137715,-86.817857,36.1682751,135,1.4
1441137720,-86.8179477,36.168375,134,0
1441137725,-86.8180078,36.1683454,134,0.4
1441137730,-86.8179718,36.1682843,134,1
1441137735,-86.8179829,36.1682482,134,0.9
1441137740,-86.8180183,36.1682522,133,0
1441137745,-86.8180183,36.1682522,133,0
1441137750,-86.8180688,36.1682568,133,0.6
1441137755,-86.8180674,36.1682318,132,0.4
1441137760,-86.8180691,36.1682149,133,0.2
1441137765,-86.8180896,36.1682113,133,0.4
1441137770,-86.8181071,36.1681777,132,1
1441137775,-86.8181193,36.1681439,133,0.8
1441137780,-86.8181203,36.1681125,132,0.8
1441137785,-86.8180886,36.1680932,134,0.9
1441137790,-86.8180634,36.1680948,135,0.6
1441137795,-86.8180301,36.1680876,134,0.6
1441137800,-86.817972,36.1680963,134,0.6
1441137805,-86.8179258,36.1681053,134,0.6
1441137810,-86.8178814,36.1681086,133,0.7
1441137815,-86.8178366,36.1681246,134,0.3
1441137820,-86.817825,36.168127,134,0.2
1441137825,-86.8177734,36.1681309,135,1.1
1441137830,-86.8177258,36.1681331,135,1.2
1441137835,-86.8176693,36.1681395,136,1.1
1441137840,-86.8176078,36.1681402,136,1.2
1441137845,-86.8175562,36.1681349,136,0.9
1441137850,-86.8175088,36.1681329,136,0.7
1441137855,-86.8175006,36.1681359,135,0
1441137860,-86.8175003,36.1681353,135,0.7
1441137865,-86.8174981,36.1681379,136,0
1441137870,-86.8175023,36.1681452,136,0
1441137875,-86.8175023,36.1681452,136,0
1441137880,-86.8175023,36.1681452,136,0
1441137885,-86.8175023,36.1681452,136,0
1441137890,-86.8175023,36.1681452,135,0
1441137895,-86.8175023,36.1681452,135,0
1441137900,-86.8174941,36.1681479,135,0
1441137905,-86.817483,36.1681486,135,0.3
1441137910,-86.8174548,36.168156,136,0.6
1441137915,-86.8174125,36.1681662,136,0.9
1441137920,-86.8173603,36.1681776,136,0.9
1441137925,-86.8173057,36.168185,137,0.2
1441137930,-86.8172742,36.1681882,137,0.9
1441137935,-86.8172117,36.1682004,137,1.1
1441137940,-86.8171489,36.1682096,137,1
1441137945,-86.817113,36.1682235,136,0
1441137950,-86.81709,36.1682368,136,0.8
1441137955,-86.8170518,36.1682521,137,1.2
1441137960,-86.8170058,36.168264,138,0.7
1441137965,-86.8169609,36.1682805,137,0.7
1441137970,-86.8169094,36.1683005,138,0.8
1441137975,-86.8168649,36.1683095,138,0.7
1441137980,-86.8168412,36.1683196,137,0.8
1441137985,-86.8168054,36.1683313,137,1.3
1441137990,-86.8167446,36.1683154,138,1.1
1441137995,-86.8166786,36.1682954,139,0.9
1441138000,-86.8166299,36.1682915,139,0.9
1441138005,-86.8165854,36.1682954,140,0.9
1441138010,-86.8165405,36.1683048,139,1.1
1441138015,-86.8164779,36.1683208,140,1.1
1441138020,-86.8164393,36.1683343,140,0.8
1441138025,-86.8163954,36.1683431,140,0.8
1441138030,-86.8163614,36.1683496,141,0.8
1441138035,-86.8163093,36.1683616,141,0.8
1441138040,-86.8162627,36.1683676,141,0.9
1441138045,-86.8162132,36.1683699,140,0.9
1441138050,-86.8161396,36.1683861,139,1.3
1441138055,-86.8160732,36.1684149,139,1.1
1441138060,-86.8160103,36.1684286,139,0.9
1441138065,-86.8159823,36.168431,139,0
1441138070,-86.8159542,36.1684184,139,1.7
1441138075,-86.8159294,36.1684221,140,0.3
1441138080,-86.81586,36.1684278,139,1.4
1441138085,-86.8157843,36.168424,140,0.8
1441138090,-86.8157844,36.1684273,139,0.3
1441138095,-86.8157906,36.1684137,139,0.2
1441138100,-86.8157928,36.1684082,139,0.4
1441138105,-86.8157874,36.1684378,139,0.2
1441138110,-86.8157713,36.1684521,138,0.5
1441138115,-86.8157713,36.1684521,138,0
1441138120,-86.8157596,36.1684548,138,0.2
1441138125,-86.8157624,36.1684467,138,0
1441138130,-86.8157659,36.1684392,138,0
1441138135,-86.8157659,36.1684392,138,0
1441138140,-86.8157659,36.1684392,138,0
1441138145,-86.8157772,36.1684258,138,0.2
1441138150,-86.8157772,36.1684258,138,0
1441138155,-86.8157772,36.1684258,138,0
1441138160,-86.8157691,36.168434,138,0
1441138165,-86.815768,36.1684375,139,0.2
1441138170,-86.815768,36.1684325,140,0
1441138175,-86.8157645,36.1684466,140,0.3
1441138180,-86.8157645,36.1684466,140,0
1441138185,-86.8157693,36.1684482,141,0.4
1441138190,-86.815764,36.168431,142,0
1441138195,-86.8157713,36.1684461,141,0
1441138200,-86.8157535,36.1684219,141,0.2
1441138205,-86.815751,36.1684228,141,0
1441138210,-86.8157494,36.1684046,142,0
1441138215,-86.8157501,36.1684077,141,0.2
1441138220,-86.8157501,36.1684077,140,0
1441138225,-86.8157497,36.1684172,141,0.7
1441138230,-86.8157443,36.1684204,141,0.8
1441138235,-86.8156887,36.1684332,140,0.4
1441138240,-86.815645,36.1684354,140,0.7
1441138245,-86.8156092,36.1684432,139,0.8
1441138250,-86.8155819,36.1684504,139,0.7
1441138255,-86.8155328,36.1684655,140,1
1441138260,-86.8154869,36.168489,140,0.7
1441138265,-86.8154669,36.1684938,140,0
1441138270,-86.8154595,36.1684963,142,0
1441138275,-86.8154093,36.1685095,142,0.8
1441138280,-86.8153786,36.1684987,142,0.6
1441138285,-86.8153215,36.1685012,142,0.7
1441138290,-86.8152905,36.1685128,142,0.4
1441138295,-86.8152757,36.1684985,140,0.5
1441138300,-86.815246,36.1684983,140,0.7
1441138305,-86.8152162,36.168466,141,0.5
1441138310,-86.815181,36.1684574,142,0.6
1441138315,-86.8151883,36.1684869,142,0.5
1441138320,-86.8151918,36.168511,142,0
1441138325,-86.8151845,36.1685432,142,0.2
1441138330,-86.8151845,36.1685432,141,0
1441138335,-86.8151887,36.1685432,142,0.8
1441138340,-86.8151965,36.1685436,141,0
1441138345,-86.8151935,36.1685475,141,0.2
1441138350,-86.8151935,36.1685475,142,0
1441138355,-86.8151935,36.1685475,143,0
1441138360,-86.8151935,36.1685475,143,0
1441138365,-86.8151935,36.1685475,143,0
1441138370,-86.8151935,36.1685475,143,0
1441138375,-86.815185,36.1685472,142,0
1441138380,-86.8151901,36.1685525,142,0.2
1441138385,-86.8151962,36.1685865,139,0
1441138390,-86.8151915,36.1685286,140,0
1441138395,-86.8151718,36.1685052,139,0.5
1441138400,-86.8151837,36.1685158,137,0
1441138405,-86.8152242,36.1685175,137,0
1441138410,-86.8152299,36.1685005,137,0.6
1441138415,-86.8152169,36.1684874,136,0.2
1441138420,-86.8152081,36.1684887,136,0.4
1441138425,-86.815195,36.1684767,136,0.3
1441138430,-86.8151374,36.1684724,136,0.9
1441138435,-86.8150991,36.1684808,137,0.7
1441138440,-86.8150697,36.1684871,137,1
1441138445,-86.8150107,36.1685018,138,1
1441138450,-86.8149344,36.1685268,137,1
1441138455,-86.8148483,36.1685581,137,1.3
1441138460,-86.8147764,36.1685705,137,0.7
1441138465,-86.8147199,36.1685526,137,0.9
1441138475,-86.8147231,36.1685476,137,0.7
1441138480,-86.8146923,36.1685281,137,1
1441138485,-86.8146335,36.1685389,137,0.7
1441138490,-86.8145924,36.168535,137,0.9
1441138495,-86.8145338,36.1685747,137,1.2
1441138500,-86.8144536,36.1686214,137,0.9
1441138505,-86.8144148,36.1686166,136,0.6
1441138510,-86.8144152,36.1685886,136,0.6
1441138515,-86.8143706,36.1686163,136,0.3
1441138520,-86.814309,36.1686378,137,0.9
1441138525,-86.8142552,36.1686298,137,0.8
1441138530,-86.8141687,36.1686373,136,0.8
1441138540,-86.8140468,36.1686186,136,0
1441138545,-86.8140566,36.1686071,136,0.2
1441138550,-86.8140634,36.1686046,136,0
1441138555,-86.8140658,36.1685577,136,0
1441138560,-86.8140658,36.1685577,135,0
1441138565,-86.8140758,36.1685327,136,0
1441138570,-86.8140888,36.1684874,135,0
1441138575,-86.814098,36.1684962,135,0
1441138580,-86.8141042,36.1685121,136,0.6
1441138585,-86.8140966,36.1685348,136,0
1441138590,-86.8140993,36.1685876,136,0
1441138595,-86.8140951,36.1686077,136,0.7
1441138600,-86.8140698,36.168637,136,0.4
1441138605,-86.8140696,36.1686469,136,0
1441138610,-86.8140858,36.1686604,136,0
1441138615,-86.8140678,36.1686605,135,0
1441138620,-86.8140427,36.1686491,136,0
1441138625,-86.8140316,36.1686756,135,0.5
1441138630,-86.8140233,36.1686986,135,0.4
1441138635,-86.8140678,36.1686499,134,0.4
1441138640,-86.8140929,36.1686644,134,0.3
1441138645,-86.8140842,36.1686759,134,0.5
1441138650,-86.8140973,36.1686787,134,0.6
1441138655,-86.8141282,36.1686719,134,0.4
1441138660,-86.8141962,36.1686201,134,0.6
1441138665,-86.8142119,36.1686795,133,0.3
1441138670,-86.8142035,36.1686877,132,0.5
1441138675,-86.8142208,36.1687186,133,0
1441138680,-86.8142262,36.1687841,133,0.4
1441138685,-86.8142148,36.1687809,134,0
1441138690,-86.8142154,36.1687656,133,0
1441138695,-86.8142413,36.1687619,133,1
1441138710,-86.8141299,36.1685884,135,1
1441138715,-86.8141089,36.1686681,135,0.8
1441138720,-86.8140837,36.168706,135,0
1441138725,-86.8140803,36.1685688,132,0.4
1441138730,-86.8140821,36.1685438,132,0.3
1441138735,-86.8140793,36.1686247,133,0
1441138745,-86.8140861,36.1685906,134,0.2
1441138750,-86.8140877,36.1685871,134,0.7
1441138755,-86.8140481,36.1685616,133,1.4
1441138765,-86.8141416,36.1686759,134,2.3
1441138770,-86.8140114,36.1688217,135,3.6
1441138775,-86.8140538,36.1686974,134,1.4
1441138780,-86.8140242,36.1687062,134,1.2
1441138785,-86.8138779,36.1686248,133,2
1441138790,-86.8139825,36.1685243,134,1.9
1441138795,-86.8141133,36.1685841,133,2.4
1441138800,-86.8141377,36.1685662,133,0.2
1441138805,-86.8141485,36.1686445,133,0
1441138810,-86.8141305,36.1686803,133,0.2
1441138815,-86.8141135,36.1686634,134,0.3
1441138820,-86.8141138,36.1686433,134,0
1441138825,-86.8141467,36.1686264,134,0
1441138830,-86.8141282,36.1686007,135,0.3
1441138835,-86.8141059,36.1686464,135,0.5
1441138840,-86.8141149,36.1686834,135,0.4
1441138845,-86.8141492,36.1686904,136,0.6
1441138850,-86.8141738,36.1686945,136,0.3
1441138855,-86.8142022,36.1686888,135,0.4
1441138860,-86.8142159,36.1686811,136,0.7
1441138875,-86.8143585,36.168635,137,0
1441138890,-86.814312,36.1686586,137,-1
1441138895,-86.8143106,36.1686625,137,-1
1441138900,-86.8143099,36.1686645,137,-1
1441138915,-86.8143089,36.1686669,137,-1
1441138920,-86.8143065,36.1686735,137,-1
1441138935,-86.8143018,36.1686862,137,-1
1441138950,-86.8144026,36.1686836,136,0
1441138960,-86.8144897,36.1687831,136,0.2
1441138970,-86.8166308,36.1688847,137,2.5
1441138980,-86.8165542,36.1687285,137,1.8
1441138985,-86.8167199,36.1686976,136,1.7
1441138990,-86.8168123,36.168697,136,1
1441138995,-86.8168211,36.1686925,136,0.5
1441139000,-86.8167967,36.1687039,136,0.2
1441139005,-86.8168244,36.1686602,137,1
1441139010,-86.8168818,36.1686931,136,0.4
1441139015,-86.8168724,36.1687012,136,0.2
1441139020,-86.8169042,36.1687517,136,0.7
1441139025,-86.8168937,36.1687396,136,0.4
1441139030,-86.81692,36.1687594,136,0.5
1441139035,-86.8170161,36.1688056,136,0.4
1441139040,-86.8170365,36.1688331,136,0.7
1441139045,-86.8169937,36.1688592,136,1.2
1441139050,-86.8168842,36.1688431,135,1.1
1441139055,-86.8168731,36.168835,135,0.2
1441139060,-86.816857,36.1688275,136,0.2
1441139065,-86.816814,36.1688279,136,0.7
1441139070,-86.8168036,36.1688303,136,3
1441139075,-86.8168761,36.1689732,137,6.4
1441139080,-86.8169314,36.16918,136,2.4
1441139090,-86.8170755,36.1696564,135,9.1
1441139095,-86.8171541,36.1700661,134,6.1
1441139100,-86.8171623,36.1701081,134,0.5
1441139105,-86.8167427,36.1701675,134,6.6
1441139110,-86.8162619,36.1702287,134,8.6
1441139115,-86.8160156,36.1702616,134,4
1441139120,-86.8160356,36.170259,134,0.6
1441139125,-86.8161243,36.1702471,134,0.5
1441139130,-86.8161437,36.1702445,134,0.2
1441139135,-86.8161338,36.1702458,134,0.3
1441139140,-86.8161312,36.1702462,135,0.8
1441139145,-86.8161607,36.1702335,134,0.7
1441139150,-86.8162296,36.1702268,134,0.4
1441139155,-86.8162497,36.170234,134,1.1
1441139160,-86.8163049,36.1702248,134,0.5
1441139165,-86.8163172,36.1702618,135,1.6
1441139170,-86.8163617,36.1703203,134,1.3
1441139175,-86.8163863,36.170381,134,1.4
1441139180,-86.8163985,36.170452,134,1
1441139185,-86.8163976,36.1704904,134,1
1441139190,-86.8163863,36.1705806,133,1.8
1441139195,-86.8163768,36.1706494,133,1.1
1441139200,-86.8164027,36.170706,133,1.4
1441139205,-86.8164509,36.1707791,132,0.9
1441139215,-86.8164948,36.1708269,132,1.5
1441139220,-86.8164952,36.170874,131,1.1
1441139225,-86.8165004,36.1708972,131,0.4
1441139230,-86.8164861,36.1708942,131,0.4
1441139235,-86.8164783,36.1708768,131,0.2
1441139240,-86.8164686,36.1708758,130,0.9
1441139245,-86.8164653,36.170872,132,0
1441139250,-86.8164653,36.170872,131,0
1441139255,-86.8164653,36.170872,130,0
1441139260,-86.8164653,36.170872,130,0
1441139265,-86.8164854,36.170888,130,1.1
1441139270,-86.8165405,36.1709347,130,0.9
1441139275,-86.8165443,36.1709472,130,0
1441139280,-86.8165509,36.170957,130,0.4
1441139285,-86.8165578,36.1709489,130,0
1441139290,-86.8165622,36.1709498,131,0.5
1441139295,-86.8165682,36.1709505,131,0
1441139300,-86.8165689,36.1709627,131,0
1441139305,-86.8165689,36.1709627,130,0
1441139310,-86.8165842,36.170962,131,0.3
1441139315,-86.8165842,36.170962,130,0
1441139320,-86.8165842,36.170962,130,0
1441139325,-86.8165842,36.170962,130,0
1441139330,-86.8165842,36.170962,130,0
1441139335,-86.8165949,36.1709447,131,0
1441139340,-86.816587,36.1709591,131,0
1441139345,-86.8165873,36.1709647,131,0
1441139350,-86.8165961,36.1709537,131,0.4
1441139355,-86.8165745,36.1709616,131,0.6
1441139360,-86.8165233,36.170934,131,0.9
1441139365,-86.8164918,36.1708928,131,0.8
1441139370,-86.8164749,36.1708744,131,0.5
1441139375,-86.8164749,36.1708744,131,0
1441139380,-86.8164749,36.1708744,131,0
1441139385,-86.8164873,36.1708751,131,0.3
1441139390,-86.8164818,36.1708502,132,0.3
1441139395,-86.8164994,36.1708633,132,0.7
1441139400,-86.8165158,36.1708521,132,0.3
1441139405,-86.8164711,36.1709018,132,1.1
1441139410,-86.8164123,36.1710106,132,1.8
1441139415,-86.8164465,36.1710094,132,0.8
1441139420,-86.816486,36.1709181,132,1
1441139425,-86.8164706,36.1709251,130,0.4
1441139430,-86.8164081,36.1708773,131,1.8
1441139435,-86.8163406,36.1707019,131,4.6
1441139440,-86.8163076,36.1704982,132,3.9
1441139445,-86.816348,36.1703959,132,1
1441139450,-86.8163694,36.1703797,132,0
1441139455,-86.8163694,36.1703797,132,0
1441139460,-86.816373,36.1703543,131,2
1441139465,-86.8161219,36.1702981,132,5.3
1441139470,-86.815936,36.1703452,133,1
1441139475,-86.8157231,36.1703361,134,5.6
1441139480,-86.8152759,36.1703605,135,9
1441139485,-86.8147313,36.1704333,136,10.8
1441139490,-86.8143005,36.1704909,134,5.1
1441139495,-86.8140912,36.1705198,134,4.6
1441139500,-86.8136708,36.1705787,134,9
1441139505,-86.8131204,36.1706513,133,9.9
1441139510,-86.8124868,36.1707289,132,10.7
1441139515,-86.8118924,36.1708042,132,10.9
1441139520,-86.8113472,36.1708736,133,10.6
1441139525,-86.8107075,36.1709555,134,10.1
1441139530,-86.8102069,36.1710198,135,6.9
1441139535,-86.8099462,36.1710467,135,4.2
1441139540,-86.8098544,36.1706516,136,8.6
1441139545,-86.8098032,36.1703141,137,10
1441139550,-86.8097114,36.1697019,137,11.2
1441139555,-86.8096641,36.1694437,135,7.2
1441139560,-86.8096275,36.1692437,135,1.3
1441139565,-86.8096262,36.1692365,134,0
1441139570,-86.8096261,36.1692358,134,0
1441139575,-86.8096261,36.1692358,134,1.4
1441139580,-86.8093113,36.1691385,139,6.9
1441139585,-86.8088205,36.16917,141,9.1
1441139590,-86.8084134,36.1692054,142,9
1441139595,-86.8079824,36.1692564,143,6.8
1441139600,-86.8077678,36.1692666,144,1.2
1441139605,-86.8077467,36.1692688,144,0.2
1441139610,-86.8076668,36.1692886,145,3.3
1441139615,-86.8073236,36.1693279,146,7.1
1441139620,-86.8068924,36.1694304,148,8
1441139625,-86.8063794,36.1695247,149,9.3
1441139630,-86.8058124,36.1696257,151,10.1
1441139635,-86.805333,36.1697425,151,8.8
1441139640,-86.8048625,36.1698579,151,5.8
1441139645,-86.8046156,36.169934,151,4.4
1441139650,-86.8045275,36.1698219,151,4.1
1441139655,-86.8044193,36.1696637,151,3
1441139660,-86.8043501,36.1696329,151,2.4
1441139665,-86.8043348,36.1697538,151,2.4
1441139670,-86.8044983,36.1697792,151,2.5
1441139675,-86.8043681,36.1699829,151,1.5
1441139680,-86.8043893,36.170018,150,0.2
1441139685,-86.804385,36.1699963,151,0.2
1441139690,-86.8043823,36.1699897,151,0.2
1441139695,-86.8043911,36.1699671,152,0.3
1441139700,-86.8043974,36.1699378,152,0.4
1441139705,-86.8043637,36.1699399,152,0.2
1441139710,-86.8043576,36.1699414,152,0.2
1441139715,-86.804359,36.1699411,151,0
1441139720,-86.8043583,36.1699412,152,0
1441139725,-86.804357,36.1699416,152,0
1441139730,-86.8043582,36.1699413,151,0.2
1441139735,-86.8043603,36.1699408,152,0
1441139740,-86.8043587,36.1699411,152,0
1441139745,-86.8043775,36.1699366,151,0
1441139750,-86.8043818,36.1699356,151,0.2
1441139755,-86.8043866,36.1699344,151,0
1441139760,-86.8043792,36.1699362,151,0.2
1441139765,-86.8043804,36.1699359,151,0
1441139770,-86.8043797,36.169936,151,0
1441139775,-86.804388,36.1699324,151,0.5
1441139780,-86.8043924,36.169933,151,0
1441139785,-86.8043929,36.1699329,151,0
1441139790,-86.8043723,36.1699379,150,0.5
1441139795,-86.8043586,36.1699412,150,0
1441139800,-86.8043582,36.1699413,149,0
1441139805,-86.8043482,36.1699139,149,0
1441139810,-86.8043653,36.1699396,149,0
1441139815,-86.8043629,36.1699402,149,0
1441139820,-86.8043637,36.1699399,149,0
1441139825,-86.8043731,36.1699376,149,0
1441139830,-86.8043717,36.169938,149,0
1441139835,-86.8043693,36.1699386,148,0
1441139840,-86.8043653,36.1699396,148,0
1441139845,-86.8043547,36.1699421,150,0
1441139855,-86.8043682,36.1699388,149,0.2
1441139860,-86.8043739,36.1699375,150,0
1441139865,-86.8043713,36.1699381,149,0.4
1441139870,-86.8043629,36.1699402,148,0.3
1441139875,-86.8043797,36.169936,149,0.6
1441139880,-86.804384,36.169935,150,0
1441139885,-86.8043833,36.1699353,150,0
1441139890,-86.8043506,36.1699431,149,1.1
1441139895,-86.8042954,36.1699565,149,0.2
1441139900,-86.8042783,36.1699606,150,0.7
1441139905,-86.8042811,36.16996,150,0.8
1441139915,-86.8041705,36.1699868,150,0.3
1441139920,-86.8042275,36.1699729,150,0.2
1441139925,-86.8042685,36.1699678,151,0.5
1441139930,-86.804298,36.1699745,151,0.2
1441139940,-86.8042444,36.1699689,151,1.8
1441139945,-86.8042444,36.1699689,151,1.8
1441139950,-86.8040983,36.1700043,150,2
1441139955,-86.8045993,36.1697975,152,0.3
1441139960,-86.804098,36.1697716,151,0.9
1441139965,-86.8041432,36.1697844,151,0.6
1441139970,-86.8042444,36.1698264,151,0.7
1441139975,-86.8043234,36.1698518,150,0.7
1441139980,-86.8043139,36.1698438,151,0.9
1441139985,-86.8042881,36.1698409,151,1.1
1441139990,-86.8042495,36.1698282,151,1.4
1441139995,-86.8042211,36.169832,151,0.7
1441140000,-86.804195,36.1698314,151,0.3
1441140005,-86.8041678,36.1698,151,0.4
1441140010,-86.8041879,36.1697635,151,-1
1441140025,-86.8043999,36.1696925,152,1.7
1441140030,-86.804369,36.1697907,152,0.3
1441140035,-86.8042809,36.1698669,151,0.5
1441140040,-86.8042792,36.1698577,151,0.5
1441140045,-86.8042934,36.1697921,151,1
1441140050,-86.8042734,36.1695829,152,0.9
1441140060,-86.8042866,36.1696727,151,0.6
1441140065,-86.8042726,36.1699202,150,0.5
1441140070,-86.8042718,36.1699235,150,0.3
1441140075,-86.8042707,36.1699257,151,0
1441140080,-86.8042771,36.1699111,151,0.6
1441140085,-86.8042729,36.1699021,151,0.4
1441140090,-86.80427,36.1699124,151,0
1441140095,-86.8042846,36.1699098,151,0.4
1441140100,-86.8042547,36.1698729,151,0.8
1441140115,-86.8042511,36.1698499,151,0.9
1441140120,-86.8042428,36.1699513,151,1.2
1441140125,-86.8042464,36.16993,150,0.2
1441140130,-86.804252,36.1699068,151,0.7
1441140140,-86.8042911,36.1699007,151,0.7
1441140145,-86.8043615,36.1699161,151,0.3
1441140150,-86.8043694,36.1699068,152,0
1441140155,-86.8043536,36.1699727,152,0.7
1441140160,-86.8043673,36.1699928,151,0
1441140165,-86.8043509,36.1699319,151,0.3
1441140170,-86.8043279,36.1698984,151,0.2
1441140175,-86.8043046,36.1698693,151,1
1441140180,-86.804228,36.1698674,152,1
1441140185,-86.8041997,36.1698712,151,0.6
1441140190,-86.8041357,36.1699287,152,1.3
1441140195,-86.8040171,36.1699571,151,1.2
1441140205,-86.8044887,36.1698746,151,3
1441140210,-86.8045688,36.1699859,152,0.2
1441140215,-86.8044411,36.1699212,152,0.3
1441140220,-86.804379,36.1699363,151,0.3
1441140225,-86.8043477,36.1699464,151,0.6
1441140230,-86.8043574,36.1699537,151,0.3
1441140235,-86.8043594,36.1699667,151,0
1441140240,-86.804337,36.1699722,151,0.5
1441140245,-86.8043425,36.169964,151,0
1441140250,-86.8043597,36.1699631,151,0.2
1441140255,-86.8043401,36.169971,151,0
1441140260,-86.8043673,36.1699704,151,1
1441140265,-86.8044224,36.169962,152,0.6
1441140270,-86.8044067,36.169962,151,1.2
1441140275,-86.8043075,36.1699836,151,1
1441140280,-86.8042538,36.1699867,149,0
1441140285,-86.804195,36.1699808,149,0.5
1441140290,-86.804233,36.1699716,150,0.3
1441140295,-86.8042774,36.1699608,151,0.2
1441140300,-86.8042876,36.1699584,152,0.2
1441140305,-86.8043036,36.1699545,151,0.8
1441140310,-86.8043023,36.1699548,152,0
1441140315,-86.8043027,36.1699547,151,0.3
1441140320,-86.8043173,36.1699512,151,0.3
1441140325,-86.804317,36.1699121,150,0.4
1441140330,-86.8042942,36.1698832,150,0.4
1441140335,-86.804267,36.1698555,149,0
1441140340,-86.804267,36.1698555,149,0
1441140345,-86.8042334,36.1698175,149,0.2
1441140350,-86.8042439,36.1697852,149,0.6
1441140355,-86.8042456,36.1697706,150,0
1441140360,-86.8042239,36.1697593,149,0.2
1441140365,-86.8042021,36.1697649,149,0.3
1441140370,-86.8042083,36.1697671,150,0
1441140375,-86.8042083,36.1697671,148,0
1441140380,-86.8042083,36.1697671,148,0
1441140385,-86.8042083,36.1697671,147,0
1441140390,-86.8042083,36.1697671,148,0
1441140395,-86.8042083,36.1697671,148,0
1441140400,-86.8041962,36.1697633,149,0.2
1441140405,-86.8041776,36.1697577,149,0.3
1441140410,-86.8041453,36.1698115,147,0.4
1441140415,-86.8041417,36.1698155,146,0
1441140420,-86.804153,36.1697841,146,0.3
1441140425,-86.8041577,36.1697851,146,0.2
1441140430,-86.8041516,36.1697749,148,0
1441140435,-86.804139,36.1697671,148,0
1441140440,-86.804139,36.1697671,148,0
1441140445,-86.8041092,36.1697256,148,0
1441140450,-86.8041092,36.1697256,148,0
1441140455,-86.8041446,36.1697295,149,0.3
1441140460,-86.8041409,36.1697292,149,0
1441140465,-86.8041479,36.1697397,148,0.3
1441140470,-86.8041311,36.1697496,148,0.6
1441140475,-86.8041459,36.1697598,149,0
1441140480,-86.8041179,36.1697609,148,0.7
1441140485,-86.8041482,36.1697601,149,0.3
1441140490,-86.804138,36.1697698,149,0
1441140495,-86.8041226,36.1697396,149,0.3
1441140500,-86.8041383,36.1697396,150,0.4
1441140505,-86.8041309,36.1697259,149,0.3
1441140510,-86.8041351,36.169749,148,0
1441140515,-86.8041152,36.1697548,148,1.1
1441140520,-86.8041026,36.1697215,147,0.5
1441140525,-86.8040688,36.1697369,148,0
1441140530,-86.8040642,36.169715,149,0.4
1441140535,-86.8040925,36.1696981,148,0.3
1441140540,-86.8041186,36.1696979,148,0.2
1441140545,-86.8041082,36.1697292,148,0.4
1441140550,-86.8041102,36.1697317,149,0
1441140555,-86.8041073,36.1697327,149,0.3
1441140560,-86.8041246,36.1697349,148,0.4
1441140565,-86.8041796,36.1697142,149,0.3
1441140570,-86.8042028,36.1697028,150,0.3
1441140575,-86.8041968,36.1697038,150,0
1441140580,-86.8042126,36.1697145,151,0
1441140585,-86.8042013,36.1697313,150,0
1441140590,-86.8041624,36.169726,148,0.2
1441140595,-86.8041564,36.169726,149,0.2
1441140600,-86.8041553,36.1697224,149,0.3
1441140605,-86.8041584,36.1697192,149,0.3
1441140610,-86.8041609,36.1697208,149,0.3
1441140615,-86.8041678,36.1697175,150,0.5
1441140620,-86.8041816,36.1697091,149,0.2
1441140625,-86.804161,36.1697126,147,0.3
1441140630,-86.804154,36.1697318,148,0
1441140635,-86.8041497,36.169725,149,0.2
1441140640,-86.8041618,36.1697372,149,0
1441140645,-86.8041735,36.1697553,148,0
1441140650,-86.8041683,36.1697395,149,0.4
1441140655,-86.8041689,36.1697328,150,0.4
1441140660,-86.8041512,36.1697361,150,0
1441140665,-86.8041434,36.1697676,150,0.2
1441140670,-86.8041439,36.1697692,150,0
1441140675,-86.8041439,36.1697692,150,0
1441140680,-86.8041502,36.1697549,149,0
1441140685,-86.804206,36.169782,148,0.9
1441140690,-86.804206,36.1697778,149,0
1441140695,-86.8042108,36.1697851,148,0
1441140700,-86.8042094,36.1697924,149,0.2
1441140705,-86.8042105,36.1697872,150,0
1441140710,-86.8041765,36.1697584,150,0
1441140715,-86.8041556,36.1697561,150,0
1441140720,-86.8041679,36.1697431,149,0
1441140725,-86.8041679,36.1697431,149,0
1441140730,-86.8041679,36.1697431,149,0
1441140735,-86.8041693,36.1697388,149,0
1441140740,-86.8041718,36.1697379,149,0
1441140745,-86.8041493,36.1697201,148,0.2
1441140750,-86.8041486,36.1697298,149,0.2
1441140755,-86.8041497,36.1697382,149,0.4
1441140760,-86.8041438,36.1697264,150,0.2
1441140765,-86.8041363,36.1697248,150,0.5
1441140770,-86.8041435,36.1697185,150,0.2
1441140775,-86.8041414,36.1697086,150,0
1441140780,-86.8041477,36.1696922,149,0.4
1441140785,-86.8041711,36.1696767,149,0.2
1441140790,-86.8042027,36.1697177,150,0.5
1441140795,-86.8042113,36.1697393,149,0.2
1441140800,-86.8042279,36.1697495,151,0.2
1441140815,-86.8041462,36.1697448,151,0.6
1441140820,-86.8042288,36.1697525,150,0.2
1441140825,-86.8042145,36.1697564,151,0.4
1441140830,-86.8042189,36.1697662,151,0.8
1441140835,-86.804246,36.1698118,151,0.2
1441140840,-86.8042962,36.1698605,151,0.6
1441140845,-86.8043016,36.1698966,151,0.6
1441140850,-86.8043076,36.1698647,151,0
1441140855,-86.8043099,36.1698205,152,0.2
1441140860,-86.8043249,36.1697937,152,0.2
1441140865,-86.8043062,36.1697805,152,1
1441140870,-86.8042217,36.1698301,151,0.5
1441140875,-86.8041662,36.1698453,151,0.6
1441140880,-86.8041696,36.1698119,151,0.7
1441140885,-86.8043411,36.1698443,152,0.8
1441140895,-86.80439,36.1696208,152,2
1441140900,-86.8044491,36.1697126,151,0.4
1441140905,-86.8044636,36.1697257,151,0.7
1441140910,-86.8043959,36.1696295,150,0.4
1441140915,-86.8043761,36.1696005,150,0.2
1441140920,-86.8043746,36.1695983,150,0.5
1441140925,-86.8043749,36.1695988,150,0.2
1441140930,-86.8043911,36.1696225,150,0.5
1441140935,-86.804339,36.1695463,150,0.2
1441140940,-86.8043386,36.1695457,149,0
1441140945,-86.8043278,36.1695299,148,0.4
1441140950,-86.8043416,36.1695501,149,0.2
1441140955,-86.8043266,36.1695282,151,0.3
1441140960,-86.804348,36.1695593,151,0
1441140965,-86.804393,36.1696252,151,0
1441140970,-86.8043977,36.1696321,150,0.3
1441140975,-86.8043914,36.1696229,150,0
1441140980,-86.8043879,36.1696178,149,0.3
1441140985,-86.8044155,36.169658,149,0.4
1441140990,-86.8044359,36.1696879,150,0.3
1441140995,-86.8044392,36.1696928,151,0.9
1441141000,-86.8044162,36.1696591,151,0.3
1441141005,-86.8043858,36.1696146,151,0.2
1441141010,-86.8043928,36.1696199,151,0.6
1441141015,-86.8044125,36.1696475,151,1.1
1441141025,-86.804404,36.1696412,152,0.2
1441141030,-86.8043784,36.1695985,152,0.7
1441141040,-86.8043287,36.1695311,152,1.1
1441141045,-86.8043273,36.1695291,152,0
1441141050,-86.8043821,36.1696093,151,0.3
1441141055,-86.8043961,36.1696298,151,0
1441141060,-86.8044178,36.1696615,150,0
1441141065,-86.8044318,36.169682,150,0
1441141070,-86.8044456,36.1697021,151,0
1441141075,-86.8044447,36.1697009,150,0.5
1441141080,-86.8044064,36.1696449,149,0.9
1441141085,-86.8043755,36.1695996,149,0.4
1441141090,-86.8043717,36.1695941,149,0.9
1441141095,-86.8043805,36.1696069,149,0
1441141100,-86.80439,36.1696209,150,-1
1441141105,-86.8043728,36.1695956,148,0.3
1441141110,-86.8043733,36.1695965,149,0
1441141115,-86.8043191,36.1695171,151,0.2
1441141120,-86.8043052,36.1694969,151,0
1441141125,-86.8042869,36.1694702,151,0
1441141130,-86.8042992,36.1694881,151,0.3
1441141135,-86.8042867,36.1694698,150,0.3
1441141140,-86.8042929,36.1694788,149,0
1441141145,-86.80431,36.1695038,149,0
1441141155,-86.8043211,36.1695127,150,0.7
1441141165,-86.8043406,36.1695485,151,0.4
1441141170,-86.8043275,36.1695295,151,0.5
1441141175,-86.8043085,36.1695017,151,0
1441141180,-86.8043094,36.169503,152,0.2
1441141185,-86.8043275,36.1695293,151,0
1441141190,-86.8043507,36.1695634,150,0.3
1441141195,-86.8043795,36.1696056,150,0.2
1441141200,-86.8044008,36.1696372,150,0.5
1441141205,-86.8044165,36.1696596,149,0
1441141210,-86.8044181,36.1696619,147,0
1441141215,-86.804445,36.1697013,147,0
1441141220,-86.8044466,36.1697036,147,0
1441141225,-86.8044629,36.1697274,148,0.6
1441141230,-86.8044946,36.1697738,147,0.3
1441141235,-86.8044996,36.1697811,147,0
1441141240,-86.8045267,36.1698207,145,0.4
1441141245,-86.8045377,36.1698369,147,0
1441141250,-86.8045401,36.1698403,147,0
1441141255,-86.8045357,36.1698339,146,0
1441141260,-86.8045327,36.1698295,147,0
1441141265,-86.8045384,36.1698377,146,0
1441141270,-86.8045395,36.1698394,145,0
1441141275,-86.8045673,36.1698775,145,0.5
1441141280,-86.8046077,36.1699392,146,0.5
1441141285,-86.8045961,36.1699222,147,0
1441141290,-86.8045844,36.169905,145,0.3
1441141295,-86.804571,36.1698854,146,0.2
1441141300,-86.8045916,36.1699326,148,0.5
1441141305,-86.8046226,36.169961,148,0
1441141310,-86.8046183,36.1699546,148,0
1441141315,-86.8045741,36.16989,148,0.9
1441141320,-86.8045148,36.1698033,148,0
1441141325,-86.8045362,36.1698346,150,0.4
1441141330,-86.8045346,36.1698323,150,0
1441141335,-86.8045287,36.1698237,150,0.2
1441141340,-86.8045372,36.1698361,150,0
1441141345,-86.8045356,36.1698338,149,0.2
1441141350,-86.8045157,36.1698047,149,0.5
1441141355,-86.8045202,36.1698112,150,0.3
1441141360,-86.8045487,36.169853,149,0.2
1441141365,-86.8045064,36.1697911,149,0
1441141370,-86.8044885,36.1697649,149,0.3
1441141375,-86.8045338,36.1698311,151,0.5
1441141380,-86.8045296,36.169825,150,0
1441141385,-86.8045541,36.1698609,151,0
1441141390,-86.8045652,36.1698771,151,0
1441141395,-86.804557,36.1698651,151,0.2
1441141400,-86.8045598,36.1698691,151,0.8
1441141405,-86.8045653,36.1698772,150,0.8
1441141410,-86.8045497,36.1698543,151,0.3
1441141415,-86.8045808,36.1698998,152,0.6
1441141420,-86.8043451,36.1700401,150,0.5
1441141425,-86.8043436,36.1700405,151,0.2
1441141430,-86.8043053,36.1699541,151,0
1441141435,-86.8043012,36.1699551,152,0.3
1441141440,-86.8043131,36.1699689,151,0
1441141445,-86.8043623,36.1699547,150,0.4
1441141450,-86.8043613,36.1699405,149,0.8
1441141455,-86.8043692,36.1699386,149,0
1441141460,-86.8043683,36.1699388,150,0.2
1441141465,-86.8043607,36.1699407,150,0.4
1441141470,-86.8043633,36.1699159,149,0.5
1441141475,-86.8043756,36.1699323,149,0.2
1441141480,-86.8043846,36.1699472,150,0
1441141485,-86.8043949,36.1699575,149,0.8
1441141490,-86.8044108,36.169977,148,0.6
1441141495,-86.8044042,36.1699764,148,0
1441141500,-86.8044164,36.1699463,148,1.3
1441141505,-86.8043818,36.1699199,148,0
1441141510,-86.8043818,36.1699199,148,0
1441141515,-86.8043789,36.1699193,147,0
1441141520,-86.8043564,36.1699188,147,0.5
1441141525,-86.804367,36.1699043,148,0.6
1441141530,-86.804367,36.1699043,147,0
1441141535,-86.804367,36.1699043,147,0
1441141540,-86.804375,36.1699053,147,0.6
1441141545,-86.8043847,36.1699036,148,0.6
1441141555,-86.8044632,36.1698674,150,0
1441141560,-86.8044632,36.1698674,149,0
1441141565,-86.8044632,36.1698674,149,0
1441141570,-86.8044709,36.1699081,149,0.5
1441141575,-86.8044579,36.1699167,151,0
1441141580,-86.8044356,36.1699299,150,0.4
1441141585,-86.8044724,36.1699345,150,0
1441141590,-86.8044875,36.1699366,150,0
1441141595,-86.8044875,36.1699366,150,0
1441141600,-86.8044875,36.1699366,149,0
1441141605,-86.8044875,36.1699366,149,0
1441141610,-86.8044875,36.1699366,149,0
1441141615,-86.8044875,36.1699366,149,0
1441141620,-86.8044819,36.1699366,149,0.4
1441141625,-86.8043945,36.1700015,149,3.1
1441141630,-86.8040452,36.1700696,149,5.5
1441141635,-86.803684,36.1701891,146,7.8
1441141640,-86.8032501,36.1702861,147,7.6
1441141645,-86.8028581,36.1703906,147,7.7
1441141650,-86.8023774,36.1705151,147,8.6
1441141655,-86.8018637,36.1706464,147,9.5
1441141660,-86.8012945,36.1708035,148,9.4
1441141665,-86.8008624,36.1709057,148,9.5
1441141670,-86.8002316,36.1710741,149,10.9
1441141675,-86.7997826,36.1711887,150,10.1
1441141680,-86.7994577,36.1712518,149,3.8
1441141685,-86.7994155,36.1712601,149,0.8
1441141690,-86.7992501,36.1712879,149,5.6
1441141695,-86.7987979,36.1713671,146,7.8
1441141700,-86.7985761,36.1714478,145,4.8
1441141705,-86.7983152,36.1715158,144,5
1441141710,-86.7980364,36.1715616,146,4.6
1441141715,-86.797932,36.1716092,146,0.3
1441141720,-86.7978523,36.1716374,148,2.8
1441141725,-86.797685,36.1716642,148,2.5
1441141730,-86.7976798,36.1716506,146,1.5
1441141735,-86.7976818,36.1716561,146,0.4
1441141740,-86.7976814,36.1716547,145,0.3
1441141745,-86.7976814,36.1716547,145,0.6
1441141750,-86.7975258,36.1716868,145,0.7
1441141755,-86.7974852,36.1716912,144,0.6
1441141760,-86.797441,36.1717011,145,0.7
1441141765,-86.7973457,36.1717136,144,2.6
1441141770,-86.7972361,36.1717455,144,2
1441141775,-86.7970857,36.1717901,143,3.2
1441141780,-86.7968163,36.1718368,143,3.8
1441141785,-86.7966711,36.171868,144,2.6
1441141790,-86.796605,36.1718861,144,1
1441141795,-86.7966089,36.1718969,143,0.7
1441141800,-86.7966068,36.171901,143,0
1441141805,-86.7966375,36.1719123,142,0
1441141810,-86.7966549,36.1719453,142,0.5
1441141815,-86.7966259,36.1719332,142,1.1
1441141820,-86.7964738,36.1719846,141,2.8
1441141825,-86.7963648,36.1720163,141,2
1441141830,-86.7962919,36.1720335,141,0.8
1441141835,-86.7962734,36.1720605,141,0.3
1441141840,-86.7962662,36.172029,140,0
1441141845,-86.7962576,36.1720002,140,0
1441141850,-86.7962207,36.1720067,140,0.3
1441141855,-86.7962483,36.1720184,141,0.6
1441141860,-86.7962483,36.1720184,141,0.6
1441141865,-86.7961189,36.172071,141,4.2
1441141870,-86.7957935,36.1721764,141,6.2
1441141875,-86.7954911,36.1722283,140,5.1
1441141880,-86.7952525,36.1722747,139,2.5
1441141885,-86.7952555,36.1722482,140,0
1441141890,-86.7952389,36.1722461,139,0
1441141895,-86.7952422,36.1722548,139,0
1441141900,-86.7952447,36.1722605,138,0
1441141905,-86.7952441,36.1722606,138,0
1441141910,-86.7952265,36.1722765,139,0.3
1441141915,-86.7950709,36.1723297,138,3.5
1441141920,-86.7949674,36.1723503,138,0.2
1441141925,-86.7949689,36.17235,138,0
1441141930,-86.7949675,36.1723503,138,0
1441141935,-86.7949675,36.1723503,138,0
1441141940,-86.7949811,36.1723449,138,0
1441141945,-86.794981,36.1723449,138,0
1441141950,-86.7949584,36.1723433,138,0
1441141955,-86.7949577,36.1723435,138,0
1441141960,-86.7949566,36.1723438,138,0
1441141965,-86.7949579,36.1723434,138,0
1441141970,-86.7949442,36.1723445,138,2.2
1441141975,-86.7946227,36.1724433,137,7.3
1441141980,-86.7941236,36.1725395,136,7.2
1441141985,-86.7939171,36.17261,136,2.1
1441141990,-86.7939088,36.1726212,137,0.4
1441141995,-86.7938757,36.1726159,137,0.8
1441142000,-86.7938661,36.1726211,136,0
1441142005,-86.793866,36.1726211,137,0
1441142010,-86.7938658,36.1726212,137,0
1441142015,-86.7937954,36.1726474,137,2.3
1441142020,-86.793641,36.1726863,136,2.8
1441142025,-86.7934508,36.172727,136,3.8
1441142030,-86.7932048,36.1727842,136,4.3
1441142035,-86.7929443,36.1728474,135,4.6
1441142040,-86.7926946,36.1729076,135,3.2
1441142045,-86.7925458,36.1729412,135,2.6
1441142050,-86.7924808,36.1729598,134,0.4
1441142055,-86.792479,36.1729677,135,0
1441142060,-86.7924778,36.1729681,135,0
1441142065,-86.7924767,36.1729683,135,0
1441142070,-86.7924785,36.1729679,134,0
1441142075,-86.7924941,36.1729814,134,0
1441142080,-86.7924966,36.1729684,133,0
1441142085,-86.7924939,36.172969,133,0
1441142090,-86.7924944,36.1729689,132,0
1441142095,-86.7924962,36.1729685,132,0
1441142100,-86.7924845,36.1729693,132,0.8
1441142105,-86.7924825,36.1729771,133,0
1441142110,-86.7924822,36.1729772,133,0
1441142115,-86.7924693,36.1729886,133,2
1441142120,-86.792172,36.1730749,134,7.4
1441142125,-86.7916329,36.1731843,134,9.9
1441142130,-86.7909782,36.1732904,133,10.4
1441142135,-86.7904149,36.1734253,133,10.5
1441142140,-86.7899083,36.1735529,134,10.2
1441142145,-86.7892778,36.1737021,134,10
1441142150,-86.7887702,36.173812,134,9.2
1441142155,-86.7880922,36.1739914,133,10.7
1441142160,-86.7876329,36.1741674,133,9.7
1441142165,-86.7873937,36.1742459,133,3
1441142170,-86.7874942,36.1744536,135,4.1
1441142175,-86.7876299,36.1746614,135,5.4
1441142180,-86.7877848,36.1748985,136,7.4
1441142185,-86.7879596,36.1751661,137,5.2
1441142190,-86.7879652,36.1751746,137,1
1441142195,-86.7882091,36.1752128,137,4
1441142200,-86.7885405,36.1750704,137,6.6
1441142205,-86.7889364,36.1749014,138,7
1441142210,-86.7891374,36.1748156,138,3.5
1441142215,-86.7893495,36.1749148,139,4.6
1441142220,-86.7895009,36.1751528,140,4.7
1441142225,-86.7896452,36.1753731,140,5.2
1441142230,-86.7898049,36.1756137,141,6.8
1441142235,-86.789979,36.1758759,141,7
1441142240,-86.7901344,36.1761127,140,6.1
1441142245,-86.7901996,36.1762124,140,1.6
1441142250,-86.7902364,36.1762496,140,3.6
1441142255,-86.7906459,36.1760944,139,6.3
1441142260,-86.7911329,36.1759037,139,9.4
1441142265,-86.7917393,36.1756402,141,10.4
1441142270,-86.7921197,36.1754785,141,6.8
1441142275,-86.7923558,36.1753831,141,2.6
1441142280,-86.7923313,36.1753931,141,0
1441142285,-86.7922606,36.1754216,141,0
1441142290,-86.7922655,36.1754196,141,0
1441142295,-86.7922808,36.1754134,140,0
1441142300,-86.7922756,36.1754155,140,0
1441142305,-86.7922792,36.1754141,140,0
1441142310,-86.7922422,36.175429,140,0.2
1441142315,-86.7923193,36.1753979,140,3.2
1441142320,-86.7929041,36.1751727,140,8.3
1441142325,-86.7933315,36.1750016,139,8.9
1441142330,-86.7939033,36.174902,139,8.1
1441142335,-86.7945136,36.1747563,140,11.4
1441142340,-86.7951074,36.1746106,139,10.9
1441142345,-86.7957266,36.1744626,138,11.8
1441142350,-86.7964281,36.1742785,139,12.1
1441142355,-86.7969606,36.1741351,140,10.8
1441142360,-86.7975845,36.174166,143,10.9
1441142365,-86.7981211,36.1738409,145,11.1
1441142370,-86.7987292,36.1736875,146,10.9
1441142375,-86.7990813,36.1735928,146,3.6
1441142380,-86.7992223,36.1735424,146,4.1
1441142385,-86.7990405,36.1733218,145,3.3
1441142390,-86.7989993,36.1732728,146,0.8
1441142395,-86.7990003,36.1732739,146,0
1441142400,-86.7989975,36.1732706,147,0.2
1441142405,-86.7989123,36.1731692,148,4.2
1441142410,-86.798737,36.1729599,147,6.3
1441142415,-86.7984743,36.1726446,147,8.7
1441142420,-86.7981847,36.1723005,146,9.1
1441142425,-86.7979972,36.1720807,146,4.9
1441142430,-86.7979135,36.1719838,145,0.8
1441142435,-86.7979623,36.1720402,146,0
1441142440,-86.797965,36.1720435,146,0.3
1441142445,-86.7979361,36.17201,146,1.6
1441142450,-86.797899,36.1719671,146,0.4
1441142455,-86.7979078,36.1719772,146,0
1441142460,-86.7978985,36.1719664,145,1.5
1441142465,-86.7978519,36.1719125,144,0.5
1441142470,-86.7978587,36.1719204,144,0.2
1441142475,-86.7978046,36.1718577,144,2.7
1441142480,-86.797713,36.1717301,143,3.2
1441142485,-86.798248,36.1716326,144,8.4
1441142490,-86.7988292,36.1714865,143,10.9
1441142495,-86.7993898,36.1713449,148,9.8
1441142500,-86.7999945,36.1711638,149,9.2
1441142505,-86.8005015,36.1710252,148,8.8
1441142510,-86.8009566,36.1708959,147,9.1
1441142515,-86.8015199,36.1707637,148,10.8
1441142520,-86.8021089,36.1706094,147,10.6
1441142525,-86.802676,36.1704582,146,11.5
1441142530,-86.8032732,36.1702818,147,12.7
1441142535,-86.8040513,36.1701114,148,11.2
1441142540,-86.8045739,36.1699983,149,11.9
1441142545,-86.8052089,36.1698259,150,11.7
1441142550,-86.8055656,36.1697338,150,7.3
1441142555,-86.805601,36.1697246,150,1.5
1441142560,-86.8057406,36.1696883,150,1.1
1441142565,-86.8057682,36.1696812,149,0.4
1441142570,-86.8058119,36.1696698,150,0.2
1441142575,-86.8057746,36.1696795,150,0.3
1441142580,-86.8057558,36.1696844,150,0.6
1441142585,-86.8057665,36.1696816,149,0.9
1441142590,-86.8058061,36.1696713,150,0
1441142595,-86.8058415,36.1697226,149,0.7
1441142600,-86.8060986,36.1696539,149,6.3
1441142605,-86.8065072,36.169561,148,8.6
1441142610,-86.8069263,36.1695075,146,7.5
1441142615,-86.8071242,36.1694782,146,1.1
1441142620,-86.8072228,36.1694651,145,4.5
1441142625,-86.8076399,36.1694085,144,4.7
1441142630,-86.8077456,36.1694096,142,2.8
1441142640,-86.8083101,36.1695391,141,1.7
1441142645,-86.8086872,36.1694865,141,2.5
1441142650,-86.8088133,36.1695202,141,1.5
1441142660,-86.809177,36.1694211,141,0.4
1441142665,-86.809374,36.1693788,141,0.9
1441142670,-86.809546,36.1693208,140,0
1441142675,-86.8098227,36.1692292,139,-1
1441142680,-86.8098284,36.1692093,138,0.6
1441142685,-86.809905,36.169179,139,0.4
1441142690,-86.8099272,36.1691507,139,0.3
1441142695,-86.8099577,36.169144,139,0.3
1441142700,-86.8099587,36.1691391,139,0.6
1441142705,-86.8099419,36.1691154,139,0.3
1441142710,-86.8099226,36.1691023,139,0.4
1441142715,-86.8098957,36.1691076,139,0.6
1441142725,-86.8099312,36.1690959,139,0
1441142730,-86.8099312,36.1690959,139,0
1441142735,-86.8098753,36.169143,139,0
1441142740,-86.8098509,36.1692064,139,0
1441142745,-86.8098509,36.1692064,139,0
1441142750,-86.8098509,36.1692064,139,0
1441142755,-86.8098509,36.1692064,140,0
1441142760,-86.8097966,36.1692075,139,0
1441142765,-86.8098321,36.1691872,139,0.2
1441142770,-86.8098987,36.1691447,139,0.4
1441142775,-86.8099188,36.1691263,139,0.4
1441142780,-86.8099188,36.1691263,138,0
1441142785,-86.8099636,36.1691268,138,0.5
1441142790,-86.8099919,36.1691376,139,0.6
1441142795,-86.810039,36.1691337,139,0.3
1441142800,-86.8100524,36.169128,139,0.3
1441142805,-86.810065,36.1691195,139,-1
1441142815,-86.8100434,36.1691364,139,-1
1441142820,-86.8100733,36.1691034,139,-1
1441142825,-86.8101714,36.1692889,140,-1
1441142830,-86.8101949,36.1692328,139,-1
1441142835,-86.8100212,36.1691554,140,0.2
1441142840,-86.8100928,36.1692359,140,0.9
1441142845,-86.8101965,36.1693494,140,0
1441142850,-86.8101965,36.1693494,140,0
1441142855,-86.8101965,36.1693494,140,0
1441142860,-86.8101965,36.1693494,140,0
1441142865,-86.8101965,36.1693494,140,0
1441142870,-86.8102524,36.169329,140,-1
1441142875,-86.8102236,36.169246,139,0
1441142880,-86.8101792,36.1691487,139,-1
1441142885,-86.8101772,36.1691624,139,-1
1441142890,-86.8101801,36.1691756,139,0
1441142895,-86.8101848,36.1691786,139,-1
1441142900,-86.8101848,36.1691786,139,-1
1441142935,-86.8101805,36.1692216,139,-1
1441142980,-86.8101926,36.1691254,139,0
1441142985,-86.8102576,36.1691156,138,1.2
1441142990,-86.8103176,36.1690836,138,1.1
1441142995,-86.8103013,36.1688204,137,1
1441143000,-86.8103566,36.1689556,138,1.1
1441143005,-86.8104054,36.1690123,137,1
1441143010,-86.8101138,36.1691589,139,0.4
1441143015,-86.8101363,36.1692323,140,1.7
1441143020,-86.8099527,36.1693045,140,1.3
1441143025,-86.8098747,36.1692965,140,1
1441143030,-86.8098188,36.1692147,139,1
1441143035,-86.8098513,36.1692167,139,0.4
1441143040,-86.8098368,36.1693827,139,1
1441143045,-86.8098233,36.1693754,139,0
1441143050,-86.8098012,36.1693594,139,0.9
1441143060,-86.8098962,36.1693195,140,1.1
1441143065,-86.8099866,36.1690214,139,1.1
1441143070,-86.8100562,36.1690438,139,1.4
1441143075,-86.8101139,36.1690952,139,1.3
1441143080,-86.810203,36.1691369,139,1.8
1441143085,-86.8103905,36.1691488,138,2.1
1441143090,-86.8100299,36.1691128,139,0
1441143095,-86.8101133,36.1691121,139,1.6
1441143100,-86.810195,36.1694213,140,1.9
1441143105,-86.8101203,36.1693832,141,0.3
1441143110,-86.8101443,36.1692943,140,0
1441143115,-86.8101759,36.1693284,140,0
1441143120,-86.8101805,36.1693062,140,0
1441143125,-86.810103,36.1692362,140,1
1441143130,-86.8100175,36.1692075,140,0.5
1441143135,-86.810037,36.1691839,140,0.2
1441143140,-86.8100071,36.1690624,139,1
1441143150,-86.8099272,36.1691218,139,0
1441143155,-86.8099382,36.1690992,139,0.3
1441143160,-86.8099426,36.1691124,139,0.5
1441143165,-86.809977,36.169153,139,0.5
1441143175,-86.8100293,36.169284,140,0
1441143180,-86.8100293,36.169284,140,0
1441143185,-86.8100293,36.169284,140,0
1441143190,-86.8100237,36.1692766,140,0
1441143195,-86.8099987,36.1692791,140,0
1441143200,-86.8099987,36.1692791,140,0
1441143205,-86.8099987,36.1692791,140,0
1441143210,-86.8099946,36.1692872,140,0.2
1441143220,-86.8099925,36.1692839,140,0
1441143225,-86.809988,36.1692723,140,0
1441143245,-86.8101018,36.1690453,139,0.7
1441143250,-86.8099703,36.169122,139,0.4
1441143255,-86.8096719,36.1691902,139,0.2
1441143260,-86.8098492,36.1691534,139,0
1441143265,-86.8099065,36.1691452,139,0
1441143270,-86.8099282,36.1691427,139,0.5
1441143275,-86.8099075,36.1691588,139,0.2
1441143280,-86.8099351,36.1691562,139,0.9
1441143285,-86.8099351,36.1691562,139,0
1441143290,-86.8099351,36.1691562,139,0
1441143295,-86.8099351,36.1691562,139,0
1441143300,-86.8099351,36.1691562,139,0
