time,x,y
0.02322,722.4866071428571,1849.5
0.02322,722.4866071428571,1849.5
0.02322,720.7745535714286,1842.6499999999999
0.031405,715.6383928571429,1834.0874999999999
0.068261,712.2142857142857,1825.5249999999999
0.103876,708.7901785714286,1816.9624999999999
0.128814,707.078125,1811.8249999999998
0.164289,705.3660714285714,1810.1125
0.200429,705.3660714285714,1806.6875
0.225731,705.3660714285714,1804.975
0.261663,703.6540178571429,1801.55
0.298449,703.6540178571429,1798.125
0.33402,703.6540178571429,1796.4125
0.359334,703.6540178571429,1792.9875
0.394302,703.6540178571429,1787.85
0.431915,703.6540178571429,1782.7124999999999
0.466662,703.6540178571429,1775.8625
0.492034,705.3660714285714,1769.0124999999998
0.528584,705.3660714285714,1763.875
0.564448,707.078125,1757.0249999999999
0.601485,707.078125,1746.75
0.625564,708.7901785714286,1736.475
0.662343,710.5022321428571,1726.1999999999998
0.69755,710.5022321428571,1714.2124999999999
0.735731,712.2142857142857,1707.3625
0.760512,712.2142857142857,1697.0874999999999
0.795341,712.2142857142857,1690.2375
0.833034,712.2142857142857,1683.3874999999998
0.867412,712.2142857142857,1674.8249999999998
0.892928,712.2142857142857,1662.8374999999999
0.928539,712.2142857142857,1655.9875
0.965725,710.5022321428571,1647.425
1.000536,710.5022321428571,1640.5749999999998
1.027065,710.5022321428571,1632.0124999999998
1.063147,710.5022321428571,1625.1625
1.099377,708.7901785714286,1616.6
1.136644,707.078125,1606.3249999999998
1.159839,703.6540178571429,1594.3374999999999
1.197474,700.2299107142857,1584.0625
1.231013,696.8058035714286,1577.2124999999999
1.267985,695.09375,1568.6499999999999
1.294612,693.3816964285714,1561.8
1.329451,689.9575892857142,1551.5249999999999
1.367144,683.109375,1539.5375
1.402906,679.6852678571429,1529.2624999999998
1.428159,677.9732142857142,1520.6999999999998
1.463291,674.5491071428571,1510.425
1.499517,672.8370535714286,1501.8625
1.534898,671.125,1491.5874999999999
1.561219,665.9888392857142,1477.8874999999998
1.597384,664.2767857142857,1471.0375
1.632497,662.5647321428571,1465.8999999999999
1.670337,659.140625,1457.3374999999999
1.694136,657.4285714285714,1448.7749999999999
1.73162,654.0044642857142,1436.7875
1.765671,652.2924107142857,1428.225
1.803318,650.5803571428571,1419.6625
1.827959,648.8683035714286,1409.3874999999998
1.864478,645.4441964285714,1395.6875
1.900952,643.7321428571429,1385.4125
1.935023,642.0200892857142,1375.1374999999998
1.962267,640.3080357142857,1363.1499999999999
1.996271,636.8839285714286,1352.875
2.034864,635.171875,1340.8874999999998
2.068881,633.4598214285714,1332.3249999999998
2.094748,631.7477678571429,1323.7624999999998
2.130694,630.0357142857142,1315.1999999999998
2.167353,630.0357142857142,1310.0625
2.192512,628.3236607142857,1304.925
2.227879,628.3236607142857,1298.075
2.264678,626.6116071428571,1292.9375
2.30014,624.8995535714286,1284.375
2.324394,621.4754464285714,1274.1
2.362061,619.7633928571429,1267.25
2.398043,618.0513392857142,1260.3999999999999
2.434012,614.6272321428571,1248.4125
2.469649,612.9151785714286,1238.1375
2.496202,611.203125,1226.1499999999999
2.531385,609.4910714285714,1215.875
2.568044,609.4910714285714,1209.0249999999999
2.602413,607.7790178571429,1202.175
2.628275,607.7790178571429,1191.8999999999999
2.665296,607.7790178571429,1185.05
2.700716,607.7790178571429,1176.4875
2.726881,607.7790178571429,1167.925
2.76161,607.7790178571429,1161.075
2.798137,607.7790178571429,1154.225
2.833975,607.7790178571429,1145.6625
2.859785,607.7790178571429,1137.1
2.895959,607.7790178571429,1130.25
2.931403,609.4910714285714,1119.975
2.968808,609.4910714285714,1114.8374999999999
2.992267,609.4910714285714,1109.7
3.029396,609.4910714285714,1102.85
3.064694,609.4910714285714,1097.7124999999999
3.10167,609.4910714285714,1089.1499999999999
3.125278,609.4910714285714,1084.0125
3.163395,609.4910714285714,1078.875
3.199216,609.4910714285714,1072.0249999999999
3.234869,609.4910714285714,1068.6
3.26055,609.4910714285714,1063.4624999999999
3.295614,609.4910714285714,1060.0375
3.333689,609.4910714285714,1056.6125
3.368498,609.4910714285714,1054.8999999999999
3.393014,609.4910714285714,1053.1875
3.430629,607.7790178571429,1049.7625
3.465505,607.7790178571429,1042.9125
3.503323,604.3549107142857,1036.0625
3.526189,602.6428571428571,1027.5
3.56322,600.9308035714286,1020.65
3.599224,599.21875,1013.8
3.635567,599.21875,1005.2375
3.659382,597.5066964285714,998.3874999999999
3.696825,594.0825892857142,988.1125
3.733293,594.0825892857142,981.2624999999999
3.769029,592.3705357142857,976.125
3.79541,590.6584821428571,970.9875
3.82993,590.6584821428571,967.5625
3.866607,588.9464285714286,960.7125
3.901877,588.9464285714286,957.2874999999999
3.927432,587.234375,952.15
3.962007,587.234375,945.3
3.998879,585.5223214285714,936.7375
4.025644,583.8102678571429,929.8874999999999
4.061107,583.8102678571429,923.0374999999999
4.097999,582.0982142857142,919.6125
4.13282,582.0982142857142,916.1875
4.169741,582.0982142857142,909.3375
4.194105,580.3861607142857,904.1999999999999
4.231071,578.6741071428571,899.0625
4.267085,578.6741071428571,892.2125
4.302324,576.9620535714286,885.3625
4.329142,575.25,880.2249999999999
4.364434,573.5379464285714,873.375
4.400468,573.5379464285714,868.2375
4.43624,573.5379464285714,863.0999999999999
4.462071,571.8258928571429,856.25
4.498627,571.8258928571429,851.1125
4.53416,571.8258928571429,845.9749999999999
4.558311,570.1138392857142,840.8375
4.595643,570.1138392857142,839.125
4.632036,568.4017857142857,835.6999999999999
4.665919,568.4017857142857,830.5625
4.693114,568.4017857142857,825.425
4.727716,566.6897321428571,820.2874999999999
4.764711,566.6897321428571,815.15
4.801357,566.6897321428571,808.3
4.824909,564.9776785714286,801.4499999999999
4.861725,564.9776785714286,792.8874999999999
4.89889,563.265625,784.3249999999999
4.935106,563.265625,775.7624999999999
4.970769,561.5535714285714,768.9124999999999
4.99658,561.5535714285714,762.0625
5.032904,561.5535714285714,755.2125
5.068412,561.5535714285714,748.3625
5.093924,561.5535714285714,743.2249999999999
5.128593,561.5535714285714,738.0875
5.165074,561.5535714285714,732.9499999999999
5.20117,561.5535714285714,729.525
5.225726,561.5535714285714,724.3874999999999
5.261096,561.5535714285714,720.9625
5.299279,561.5535714285714,717.5374999999999
5.334958,561.5535714285714,714.1125
5.359052,561.5535714285714,710.6875
5.396498,561.5535714285714,708.9749999999999
5.431439,563.265625,707.2624999999999
5.469387,563.265625,705.55
5.493142,563.265625,703.8375
5.529952,563.265625,702.125
5.566942,564.9776785714286,700.4124999999999
5.602641,564.9776785714286,698.6999999999999
5.626873,564.9776785714286,698.6999999999999
5.66173,564.9776785714286,696.9875
5.699643,564.9776785714286,696.9875
5.735731,564.9776785714286,695.275
5.760704,566.6897321428571,693.5625
5.795258,566.6897321428571,691.8499999999999
5.83298,566.6897321428571,690.1374999999999
5.86901,568.4017857142857,686.7125
5.893356,568.4017857142857,685
5.930987,570.1138392857142,683.2874999999999
5.966604,570.1138392857142,681.5749999999999
6.002496,571.8258928571429,679.8625
6.02645,571.8258928571429,678.15
6.06505,573.5379464285714,676.4375
6.100247,575.25,674.7249999999999
6.136124,576.9620535714286,671.3
6.161725,578.6741071428571,669.5875
6.195783,582.0982142857142,667.875
6.234539,583.8102678571429,666.1624999999999
6.269341,585.5223214285714,664.4499999999999
6.295358,587.234375,661.025
6.330358,588.9464285714286,659.3125
6.36738,590.6584821428571,659.3125
6.391631,590.6584821428571,657.5999999999999
6.429059,592.3705357142857,655.8874999999999
6.465407,594.0825892857142,654.175
6.500521,597.5066964285714,650.75
6.525713,599.21875,649.0375
6.560949,600.9308035714286,645.6125
6.597417,604.3549107142857,643.9
6.635035,606.0669642857142,642.1875
6.670139,606.0669642857142,640.475
6.696903,607.7790178571429,638.7624999999999
6.730355,609.4910714285714,637.05
6.767918,612.9151785714286,633.625
6.802132,614.6272321428571,630.1999999999999
6.828746,616.3392857142857,628.4875
6.86397,616.3392857142857,626.775
6.901592,618.0513392857142,623.35
6.925898,619.7633928571429,619.925
6.961514,621.4754464285714,618.2125
6.999343,621.4754464285714,616.5
7.035214,623.1875,614.7875
7.058376,623.1875,613.0749999999999
7.094567,626.6116071428571,611.3625
7.132704,628.3236607142857,607.9375
7.169231,628.3236607142857,606.225
7.192066,630.0357142857142,604.5124999999999
7.229881,630.0357142857142,602.8
7.264518,631.7477678571429,599.375
7.301148,631.7477678571429,595.9499999999999
7.325267,633.4598214285714,594.2375
7.362516,633.4598214285714,590.8125
7.400856,635.171875,589.1
7.434996,635.171875,589.1
7.461127,635.171875,585.675
7.495758,636.8839285714286,583.9625
7.533012,636.8839285714286,580.5375
7.567169,636.8839285714286,577.1125
7.592874,636.8839285714286,571.975
7.628064,636.8839285714286,568.55
7.665249,636.8839285714286,565.125
7.702555,636.8839285714286,561.6999999999999
7.726848,636.8839285714286,559.9875
7.764186,636.8839285714286,558.275
7.798711,636.8839285714286,554.85
7.836441,636.8839285714286,553.1374999999999
7.859695,636.8839285714286,548
7.895939,636.8839285714286,544.5749999999999
7.932089,636.8839285714286,542.8625
7.968306,635.171875,539.4375
7.994522,635.171875,537.725
8.029479,633.4598214285714,534.3
8.066985,631.7477678571429,532.5875
8.102793,630.0357142857142,529.1625
8.127813,626.6116071428571,522.3125
8.163269,624.8995535714286,520.6
8.199991,624.8995535714286,518.8874999999999
8.234288,623.1875,517.175
8.259873,621.4754464285714,515.4625
8.298847,619.7633928571429,513.75
8.33231,618.0513392857142,512.0375
8.369232,614.6272321428571,508.61249999999995
8.394507,611.203125,505.1875
8.430075,607.7790178571429,501.7625
8.465673,604.3549107142857,498.3375
8.503829,602.6428571428571,498.3375
8.529093,600.9308035714286,496.625
8.564451,599.21875,494.91249999999997
8.601266,597.5066964285714,493.2
8.636358,594.0825892857142,489.775
8.662601,594.0825892857142,489.775
8.697091,592.3705357142857,489.775
8.734785,590.6584821428571,488.0625
8.759768,588.9464285714286,488.0625
8.794991,587.234375,486.34999999999997
8.831215,585.5223214285714,484.6375
8.866697,583.8102678571429,482.92499999999995
8.892612,580.3861607142857,481.2125
8.928366,576.9620535714286,479.5
8.964419,573.5379464285714,477.78749999999997
8.999681,566.6897321428571,474.36249999999995
9.025933,561.5535714285714,469.22499999999997
9.062526,558.1294642857142,465.79999999999995
9.097509,554.7053571428571,464.0875
9.134702,554.7053571428571,462.375
9.158854,552.9933035714286,462.375
9.195139,552.9933035714286,460.66249999999997
9.230829,551.28125,460.66249999999997
9.268021,551.28125,458.95
9.293859,551.28125,458.95
9.328063,551.28125,458.95
9.365833,551.28125,458.95
9.401019,551.28125,458.95
9.425767,551.28125,458.95
9.462023,551.28125,458.95
9.498113,551.28125,458.95
9.533971,551.28125,458.95
9.559618,551.28125,458.95
9.595829,549.5691964285714,458.95
9.632277,547.8571428571429,455.525
9.668926,546.1450892857142,453.8125
9.692255,546.1450892857142,452.09999999999997
9.729215,544.4330357142857,448.67499999999995
9.765565,542.7209821428571,446.9625
9.801469,542.7209821428571,443.53749999999997
9.825006,541.0089285714286,441.825
9.862682,541.0089285714286,440.11249999999995
9.899322,541.0089285714286,438.4
9.934319,539.296875,433.2625
9.960152,539.296875,429.8375
9.994784,539.296875,422.98749999999995
10.036012,537.5848214285714,417.84999999999997
10.073992,537.5848214285714,414.42499999999995
10.098075,537.5848214285714,409.28749999999997
10.134885,537.5848214285714,404.15
10.168997,539.296875,399.0125
10.207024,539.296875,395.5875
10.230216,539.296875,388.73749999999995
10.268681,539.296875,385.3125
10.305071,541.0089285714286,380.17499999999995
10.339655,542.7209821428571,375.03749999999997
10.365634,542.7209821428571,371.61249999999995
10.400296,544.4330357142857,366.47499999999997
10.438142,544.4330357142857,361.3375
10.473319,546.1450892857142,354.48749999999995
10.498248,546.1450892857142,349.34999999999997
10.535355,546.1450892857142,340.78749999999997
10.569962,546.1450892857142,335.65
10.59562,546.1450892857142,330.5125
10.63134,546.1450892857142,327.0875
10.668806,546.1450892857142,323.66249999999997
10.703783,546.1450892857142,318.525
10.729074,544.4330357142857,313.3875
10.764973,544.4330357142857,308.25
10.80122,542.7209821428571,303.1125
10.838554,541.0089285714286,297.97499999999997
10.862744,541.0089285714286,294.55
10.898716,539.296875,292.8375
10.934457,539.296875,291.125
10.971897,537.5848214285714,289.41249999999997
11.006786,537.5848214285714,287.7
11.032317,535.8727678571429,282.5625
11.069422,534.1607142857142,280.84999999999997
11.104001,532.4486607142857,279.1375
11.130119,532.4486607142857,275.7125
11.165944,532.4486607142857,274
11.202186,530.7366071428571,270.575
11.237767,529.0245535714286,268.8625
11.263757,529.0245535714286,265.4375
11.298488,529.0245535714286,263.72499999999997
11.335702,527.3125,262.0125
11.373479,527.3125,258.5875
11.395738,525.6004464285714,253.45
11.433566,523.8883928571429,250.02499999999998
11.468933,523.8883928571429,246.6
11.505807,523.8883928571429,241.46249999999998
11.529528,523.8883928571429,238.0375
11.566747,522.1763392857142,234.61249999999998
11.603725,522.1763392857142,231.1875
11.639028,522.1763392857142,227.7625
11.664498,522.1763392857142,226.04999999999998
11.699406,522.1763392857142,224.33749999999998
11.736901,522.1763392857142,220.9125
11.771122,522.1763392857142,219.2
11.797363,522.1763392857142,215.77499999999998
11.832541,522.1763392857142,212.35
11.869169,523.8883928571429,208.92499999999998
11.906834,525.6004464285714,203.7875
11.930608,527.3125,200.36249999999998
11.967932,527.3125,196.9375
12.002225,529.0245535714286,193.5125
12.040608,530.7366071428571,188.375
12.063398,532.4486607142857,186.6625
12.100511,532.4486607142857,184.95
12.137944,534.1607142857142,184.95
12.172092,534.1607142857142,184.95
12.197564,534.1607142857142,184.95
12.233913,535.8727678571429,183.23749999999998
12.271438,535.8727678571429,183.23749999999998
12.305981,535.8727678571429,183.23749999999998
12.33134,535.8727678571429,183.23749999999998
12.366785,535.8727678571429,183.23749999999998
12.403793,535.8727678571429,183.23749999999998
12.428589,535.8727678571429,183.23749999999998
12.465246,535.8727678571429,183.23749999999998
12.501681,535.8727678571429,183.23749999999998
12.537256,535.8727678571429,183.23749999999998
12.561749,535.8727678571429,183.23749999999998
12.598094,535.8727678571429,183.23749999999998
12.634191,535.8727678571429,183.23749999999998
12.672145,535.8727678571429,183.23749999999998
12.707579,535.8727678571429,183.23749999999998
12.732045,535.8727678571429,183.23749999999998
12.767284,535.8727678571429,183.23749999999998
12.804187,535.8727678571429,183.23749999999998
12.83972,535.8727678571429,183.23749999999998
12.865159,535.8727678571429,183.23749999999998
12.900162,535.8727678571429,183.23749999999998
12.937316,535.8727678571429,183.23749999999998
12.962981,535.8727678571429,183.23749999999998
12.998923,535.8727678571429,183.23749999999998
13.035403,535.8727678571429,183.23749999999998
13.070332,535.8727678571429,183.23749999999998
13.09611,535.8727678571429,183.23749999999998
13.13087,535.8727678571429,183.23749999999998
13.16918,535.8727678571429,183.23749999999998
13.20625,535.8727678571429,183.23749999999998
13.229656,535.8727678571429,183.23749999999998
13.266,535.8727678571429,183.23749999999998
13.302303,535.8727678571429,183.23749999999998
13.338138,535.8727678571429,183.23749999999998
13.361933,535.8727678571429,183.23749999999998
13.398702,535.8727678571429,183.23749999999998
13.434324,535.8727678571429,183.23749999999998
13.472886,535.8727678571429,183.23749999999998
13.496832,535.8727678571429,183.23749999999998
13.532824,535.8727678571429,183.23749999999998
13.569348,535.8727678571429,183.23749999999998
13.604743,535.8727678571429,183.23749999999998
13.631059,535.8727678571429,183.23749999999998
13.666412,535.8727678571429,183.23749999999998
13.702584,535.8727678571429,183.23749999999998
13.74049,539.296875,183.23749999999998
13.762741,546.1450892857142,183.23749999999998
13.800351,551.28125,183.23749999999998
13.835664,556.4174107142857,183.23749999999998
13.872403,558.1294642857142,181.52499999999998
13.896047,559.8415178571429,181.52499999999998
13.934043,566.6897321428571,179.8125
13.968953,571.8258928571429,178.1
14.005103,575.25,176.3875
14.030802,576.9620535714286,174.67499999999998
14.067461,576.9620535714286,174.67499999999998
14.103361,578.6741071428571,174.67499999999998
14.138715,582.0982142857142,171.25
14.165451,585.5223214285714,169.5375
14.199465,590.6584821428571,167.825
14.236835,597.5066964285714,166.11249999999998
14.263182,597.5066964285714,164.39999999999998
14.297473,599.21875,164.39999999999998
14.334588,600.9308035714286,164.39999999999998
14.370814,604.3549107142857,162.6875
14.405865,607.7790178571429,162.6875
14.430723,612.9151785714286,160.975
14.468001,618.0513392857142,159.2625
14.50284,623.1875,159.2625
14.540136,628.3236607142857,157.54999999999998
14.565387,633.4598214285714,157.54999999999998
14.599602,636.8839285714286,157.54999999999998
14.637735,643.7321428571429,155.8375
14.673126,647.15625,155.8375
14.698019,650.5803571428571,155.8375
14.733846,650.5803571428571,154.125
14.770941,652.2924107142857,154.125
14.805203,655.7165178571429,154.125
14.831838,657.4285714285714,152.4125
14.86876,659.140625,152.4125
14.904059,662.5647321428571,152.4125
14.928895,664.2767857142857,152.4125
14.964053,667.7008928571429,150.7
15.002225,669.4129464285714,150.7
15.040034,669.4129464285714,150.7
15.061467,671.125,150.7
15.099673,674.5491071428571,150.7
15.135476,676.2611607142857,150.7
15.171651,679.6852678571429,150.7
15.20656,686.5334821428571,150.7
15.232092,688.2455357142857,150.7
15.267095,691.6696428571429,150.7
15.305007,698.5178571428571,150.7
15.330653,701.9419642857142,150.7
15.366071,703.6540178571429,150.7
15.40342,703.6540178571429,150.7
15.438259,703.6540178571429,150.7
15.463774,705.3660714285714,150.7
15.4981,705.3660714285714,150.7
15.536165,707.078125,150.7
15.570603,708.7901785714286,150.7
15.595908,708.7901785714286,150.7
15.633434,708.7901785714286,150.7
15.669984,708.7901785714286,150.7
15.706171,708.7901785714286,150.7
15.729678,708.7901785714286,150.7
15.766151,708.7901785714286,150.7
15.801879,708.7901785714286,150.7
15.838666,708.7901785714286,150.7
15.864793,708.7901785714286,150.7
15.898813,708.7901785714286,150.7
15.936217,708.7901785714286,150.7
15.972478,708.7901785714286,150.7
15.996902,708.7901785714286,150.7
16.032247,708.7901785714286,150.7
16.070112,708.7901785714286,150.7
16.104601,708.7901785714286,150.7
16.13024,708.7901785714286,150.7
16.16723,708.7901785714286,150.7
16.203096,708.7901785714286,150.7
16.239574,708.7901785714286,150.7
16.263714,708.7901785714286,150.7
16.300073,708.7901785714286,150.7
16.335364,708.7901785714286,150.7
16.372753,708.7901785714286,150.7
16.398537,708.7901785714286,150.7
16.433098,708.7901785714286,150.7
16.47123,708.7901785714286,150.7
16.506556,708.7901785714286,150.7
16.531004,708.7901785714286,150.7
16.56692,708.7901785714286,150.7
16.604674,708.7901785714286,150.7
16.639408,708.7901785714286,150.7
16.664555,708.7901785714286,150.7
16.701354,708.7901785714286,150.7
16.73767,708.7901785714286,150.7
16.762428,708.7901785714286,150.7
16.797407,708.7901785714286,150.7
16.835253,708.7901785714286,150.7
16.870735,708.7901785714286,150.7
16.906917,708.7901785714286,150.7
16.932845,708.7901785714286,150.7
16.96877,708.7901785714286,150.7
17.005455,705.3660714285714,148.98749999999998
17.040489,689.9575892857142,147.275
17.065693,677.9732142857142,147.275
17.100767,667.7008928571429,147.275
17.138412,657.4285714285714,147.275
17.17251,643.7321428571429,147.275
17.198594,630.0357142857142,148.98749999999998
17.236399,618.0513392857142,148.98749999999998
17.271817,607.7790178571429,148.98749999999998
17.296472,594.0825892857142,150.7
17.331942,583.8102678571429,152.4125
17.369367,575.25,154.125
17.403314,570.1138392857142,154.125
17.429,561.5535714285714,154.125
17.467184,558.1294642857142,154.125
17.501711,554.7053571428571,155.8375
17.539637,549.5691964285714,155.8375
17.563392,547.8571428571429,155.8375
17.599196,547.8571428571429,155.8375
17.6349,546.1450892857142,155.8375
17.672363,544.4330357142857,155.8375
17.695433,541.0089285714286,155.8375
17.732338,539.296875,155.8375
17.77017,539.296875,155.8375
17.804035,539.296875,155.8375
17.830538,539.296875,155.8375
17.865753,537.5848214285714,157.54999999999998
17.902148,537.5848214285714,157.54999999999998
17.938748,537.5848214285714,157.54999999999998
17.964001,537.5848214285714,157.54999999999998
18.000579,537.5848214285714,157.54999999999998
18.035579,537.5848214285714,157.54999999999998
18.072246,537.5848214285714,157.54999999999998
18.09596,537.5848214285714,157.54999999999998
18.13393,537.5848214285714,157.54999999999998
18.168201,537.5848214285714,157.54999999999998
18.205728,537.5848214285714,157.54999999999998
18.229484,537.5848214285714,157.54999999999998
18.266037,537.5848214285714,157.54999999999998
18.303054,537.5848214285714,157.54999999999998
18.339048,537.5848214285714,157.54999999999998
18.363725,537.5848214285714,157.54999999999998
18.399027,537.5848214285714,157.54999999999998
18.436841,537.5848214285714,157.54999999999998
18.471802,537.5848214285714,157.54999999999998
18.497793,537.5848214285714,157.54999999999998
18.534922,537.5848214285714,157.54999999999998
18.56873,537.5848214285714,157.54999999999998
18.60727,537.5848214285714,157.54999999999998
18.630664,537.5848214285714,157.54999999999998
18.66665,537.5848214285714,157.54999999999998
18.703032,537.5848214285714,157.54999999999998
18.740233,537.5848214285714,157.54999999999998
18.762385,537.5848214285714,157.54999999999998
18.801059,537.5848214285714,157.54999999999998
18.837269,537.5848214285714,157.54999999999998
18.873484,537.5848214285714,157.54999999999998
18.899268,537.5848214285714,157.54999999999998
18.933449,537.5848214285714,157.54999999999998
18.970725,537.5848214285714,157.54999999999998
19.005531,537.5848214285714,157.54999999999998
19.03123,537.5848214285714,157.54999999999998
19.066316,534.1607142857142,157.54999999999998
19.104057,532.4486607142857,159.2625
19.129259,532.4486607142857,159.2625
19.16498,534.1607142857142,159.2625
19.201323,542.7209821428571,159.2625
19.236742,558.1294642857142,159.2625
19.262835,575.25,157.54999999999998
19.297714,582.0982142857142,155.8375
19.334547,583.8102678571429,154.125
19.372753,588.9464285714286,154.125
19.395819,600.9308035714286,154.125
19.431507,614.6272321428571,155.8375
19.467337,626.6116071428571,160.975
19.504603,633.4598214285714,164.39999999999998
19.540135,642.0200892857142,167.825
19.564911,650.5803571428571,171.25
19.600649,657.4285714285714,176.3875
19.63853,665.9888392857142,181.52499999999998
19.662899,676.2611607142857,186.6625
19.699052,686.5334821428571,191.79999999999998
19.734652,698.5178571428571,200.36249999999998
19.770442,708.7901785714286,207.21249999999998
19.796028,717.3504464285714,215.77499999999998
19.830466,729.3348214285714,227.7625
19.868276,739.6071428571429,238.0375
19.905836,749.8794642857142,246.6
19.928372,760.1517857142857,255.1625
19.966221,768.7120535714286,262.0125
20.001718,777.2723214285714,268.8625
20.039534,787.5446428571429,277.425
20.062214,794.3928571428571,284.275
20.099666,799.5290178571429,289.41249999999997
20.137024,804.6651785714286,297.97499999999997
20.172619,809.8013392857142,304.825
20.197691,813.2254464285714,311.675
20.232841,816.6495535714286,320.2375
20.270708,818.3616071428571,327.0875
20.30501,818.3616071428571,335.65
20.330941,818.3616071428571,344.2125
20.36668,820.0736607142857,351.0625
20.403771,820.0736607142857,359.625
20.43992,821.7857142857142,364.7625
20.464509,823.4977678571429,371.61249999999995
20.500453,823.4977678571429,381.8875
20.536122,825.2098214285714,393.875
20.574138,825.2098214285714,400.72499999999997
20.596499,825.2098214285714,409.28749999999997
20.63458,826.921875,419.5625
20.67185,826.921875,426.41249999999997
20.706821,828.6339285714286,434.97499999999997
20.731674,828.6339285714286,441.825
20.767478,828.6339285714286,448.67499999999995
20.803868,828.6339285714286,455.525
20.839377,828.6339285714286,462.375
20.865088,828.6339285714286,469.22499999999997
20.900178,830.3459821428571,482.92499999999995
20.937621,830.3459821428571,493.2
20.962565,830.3459821428571,503.47499999999997
20.997718,830.3459821428571,513.75
21.035533,830.3459821428571,520.6
21.070786,830.3459821428571,529.1625
21.095592,830.3459821428571,542.8625
21.131639,830.3459821428571,556.5625
21.168112,830.3459821428571,568.55
21.205249,830.3459821428571,585.675
21.240677,830.3459821428571,599.375
21.265213,830.3459821428571,611.3625
21.301041,830.3459821428571,623.35
21.338527,830.3459821428571,630.1999999999999
21.373204,830.3459821428571,635.3375
21.399579,832.0580357142857,638.7624999999999
21.434926,832.0580357142857,642.1875
21.471044,835.4821428571429,647.3249999999999
21.496855,838.90625,655.8874999999999
21.532436,840.6183035714286,664.4499999999999
21.568247,844.0424107142857,673.0124999999999
21.604617,845.7544642857142,681.5749999999999
21.630629,849.1785714285714,686.7125
21.665207,852.6026785714286,695.275
21.702015,856.0267857142857,700.4124999999999
21.739597,857.7388392857142,705.55
21.763466,861.1629464285714,710.6875
21.799187,864.5870535714286,714.1125
21.835768,868.0111607142857,719.25
21.871862,873.1473214285714,726.0999999999999
21.89627,878.2834821428571,732.9499999999999
21.933281,883.4196428571429,739.8
21.968581,888.5558035714286,746.65
22.005016,893.6919642857142,755.2125
22.031274,898.828125,765.4875
22.065659,907.3883928571429,777.4749999999999
22.103272,914.2366071428571,786.0374999999999
22.137977,921.0848214285714,794.5999999999999
22.16354,929.6450892857142,804.875
22.199289,934.78125,811.7249999999999
22.235978,941.6294642857142,820.2874999999999
22.273759,950.1897321428571,832.275
22.297473,957.0379464285714,839.125
22.334676,967.3102678571429,849.4
22.369482,974.1584821428571,857.9625
22.406925,982.71875,866.525
22.429417,991.2790178571429,873.375
22.466681,999.8392857142857,880.2249999999999
22.505219,1008.3995535714286,883.65
22.538701,1015.2477678571429,888.7874999999999
22.56397,1025.5200892857142,893.925
22.600417,1032.3683035714284,899.0625
22.636415,1040.9285714285713,904.1999999999999
22.672141,1049.4888392857142,911.05
22.698527,1052.9129464285713,912.7624999999999
22.733024,1058.049107142857,916.1875
22.770009,1063.185267857143,919.6125
22.795626,1066.609375,924.75
22.830913,1073.4575892857142,928.175
22.868506,1076.8816964285713,933.3125
22.903949,1080.3058035714284,936.7375
22.940917,1085.4419642857142,941.875
22.964528,1088.8660714285713,947.0124999999999
23.001037,1090.578125,950.4375
23.03596,1094.002232142857,955.5749999999999
23.074048,1095.7142857142858,960.7125
23.099587,1099.138392857143,965.8499999999999
23.133816,1100.8504464285713,970.9875
23.170932,1102.5625,974.4124999999999
23.206463,1104.2745535714284,977.8375
23.232729,1107.6986607142858,984.6875
23.268152,1109.4107142857142,991.5374999999999
23.304091,1112.8348214285713,996.675
23.33006,1116.2589285714284,1008.6624999999999
23.364967,1119.6830357142858,1018.9375
23.402521,1123.107142857143,1032.6375
23.437406,1126.53125,1044.625
23.4634,1131.6674107142858,1060.0375
23.498901,1136.8035714285713,1077.1625
23.535147,1140.2276785714284,1085.725
23.570915,1145.3638392857142,1097.7124999999999
23.595322,1150.5,1109.7
23.632207,1157.3482142857142,1125.1125
23.668599,1162.484375,1137.1
23.705074,1167.6205357142858,1149.0874999999999
23.740592,1176.1808035714284,1164.5
23.765554,1183.029017857143,1173.0625
23.800963,1188.1651785714284,1179.9125
23.838783,1193.3013392857142,1186.7625
23.864567,1198.4375,1193.6125
23.898845,1203.5736607142858,1203.8875
23.936883,1206.997767857143,1210.7375
23.971429,1210.421875,1217.5874999999999
23.996782,1213.845982142857,1226.1499999999999
24.032029,1215.5580357142858,1233
24.069311,1218.982142857143,1239.85
24.104308,1222.40625,1248.4125
24.129897,1225.830357142857,1251.8374999999999
24.167177,1225.830357142857,1255.2625
24.202265,1227.5424107142858,1258.6875
24.239518,1229.2544642857142,1262.1125
24.263479,1229.2544642857142,1263.825
24.299341,1230.966517857143,1267.25
24.335704,1230.966517857143,1268.9624999999999
24.372386,1230.966517857143,1272.3875
24.398425,1230.966517857143,1275.8125
24.433349,1232.6785714285713,1280.95
24.469383,1232.6785714285713,1282.6625
24.505449,1232.6785714285713,1286.0874999999999
24.531232,1232.6785714285713,1287.8
24.565421,1232.6785714285713,1289.5125
24.603333,1232.6785714285713,1291.225
24.639154,1232.6785714285713,1292.9375
24.663762,1232.6785714285713,1294.6499999999999
24.700213,1232.6785714285713,1296.3625
24.737173,1232.6785714285713,1298.075
24.7734,1232.6785714285713,1299.7875
24.797496,1232.6785714285713,1299.7875
24.834907,1230.966517857143,1301.5
24.869415,1230.966517857143,1303.2124999999999
24.90712,1230.966517857143,1304.925
24.932454,1230.966517857143,1304.925
24.96741,1230.966517857143,1304.925
25.003452,1229.2544642857142,1306.6375
25.03985,1229.2544642857142,1306.6375
25.06458,1229.2544642857142,1306.6375
25.099638,1229.2544642857142,1306.6375
25.137891,1229.2544642857142,1306.6375
25.172783,1229.2544642857142,1306.6375
25.198206,1229.2544642857142,1306.6375
25.235084,1229.2544642857142,1306.6375
25.270907,1229.2544642857142,1306.6375
25.296219,1229.2544642857142,1306.6375
25.330643,1229.2544642857142,1306.6375
25.367981,1229.2544642857142,1306.6375
25.403407,1229.2544642857142,1306.6375
25.440238,1229.2544642857142,1306.6375
25.465877,1229.2544642857142,1306.6375
25.501361,1229.2544642857142,1306.6375
25.537782,1229.2544642857142,1306.6375
25.573312,1229.2544642857142,1306.6375
25.599415,1229.2544642857142,1306.6375
25.634862,1229.2544642857142,1306.6375
25.671149,1229.2544642857142,1306.6375
25.707274,1229.2544642857142,1306.6375
25.730963,1229.2544642857142,1306.6375
25.769412,1229.2544642857142,1306.6375
25.805346,1229.2544642857142,1306.6375
25.829222,1229.2544642857142,1306.6375
25.86582,1229.2544642857142,1306.6375
25.902719,1229.2544642857142,1306.6375
25.938661,1229.2544642857142,1306.6375
25.963321,1229.2544642857142,1306.6375
26.00077,1229.2544642857142,1306.6375
26.034841,1229.2544642857142,1306.6375
26.072082,1229.2544642857142,1306.6375
26.09628,1229.2544642857142,1306.6375
26.132747,1229.2544642857142,1306.6375
26.168353,1229.2544642857142,1306.6375
26.205329,1229.2544642857142,1306.6375
26.228649,1229.2544642857142,1306.6375
26.265992,1229.2544642857142,1306.6375
26.303001,1229.2544642857142,1306.6375
26.339164,1229.2544642857142,1306.6375
26.363954,1229.2544642857142,1306.6375
26.399142,1229.2544642857142,1306.6375
26.437006,1229.2544642857142,1306.6375
26.472408,1229.2544642857142,1306.6375
26.496894,1229.2544642857142,1306.6375
26.534651,1229.2544642857142,1306.6375
26.569955,1229.2544642857142,1306.6375
26.605547,1229.2544642857142,1306.6375
26.63018,1229.2544642857142,1306.6375
26.66856,1229.2544642857142,1306.6375
26.701671,1229.2544642857142,1306.6375
26.740271,1229.2544642857142,1306.6375
26.763249,1229.2544642857142,1306.6375
26.799593,1229.2544642857142,1306.6375
26.838014,1229.2544642857142,1306.6375
26.873143,1229.2544642857142,1306.6375
26.898407,1229.2544642857142,1306.6375
26.933295,1229.2544642857142,1306.6375
26.970929,1229.2544642857142,1306.6375
27.005545,1229.2544642857142,1306.6375
27.031205,1229.2544642857142,1306.6375
27.068672,1229.2544642857142,1306.6375
27.103448,1229.2544642857142,1306.6375
27.140567,1229.2544642857142,1306.6375
27.164239,1229.2544642857142,1306.6375
27.202114,1229.2544642857142,1306.6375
27.23677,1229.2544642857142,1306.6375
27.273753,1229.2544642857142,1306.6375
27.297737,1229.2544642857142,1306.6375
27.334839,1229.2544642857142,1306.6375
27.371367,1229.2544642857142,1306.6375
27.406573,1229.2544642857142,1306.6375
27.432334,1229.2544642857142,1306.6375
27.467261,1229.2544642857142,1306.6375
27.505382,1229.2544642857142,1306.6375
27.539701,1229.2544642857142,1306.6375
27.564822,1229.2544642857142,1306.6375
27.599749,1229.2544642857142,1306.6375
27.637417,1229.2544642857142,1306.6375
27.669419,1229.2544642857142,1306.6375
27.697416,1229.2544642857142,1306.6375
27.735998,1229.2544642857142,1306.6375
27.769837,1229.2544642857142,1306.6375
27.796398,1229.2544642857142,1306.6375
27.83413,1229.2544642857142,1306.6375
27.867537,1229.2544642857142,1306.6375
27.905508,1229.2544642857142,1306.6375
27.929332,1229.2544642857142,1306.6375
27.966874,1229.2544642857142,1306.6375
28.002078,1229.2544642857142,1306.6375
28.039072,1229.2544642857142,1306.6375
28.074029,1229.2544642857142,1306.6375
28.098653,1229.2544642857142,1306.6375
28.137079,1229.2544642857142,1306.6375
28.172242,1229.2544642857142,1306.6375
28.197411,1229.2544642857142,1306.6375
28.232781,1229.2544642857142,1306.6375
28.26856,1229.2544642857142,1306.6375
28.303858,1229.2544642857142,1306.6375
28.330245,1229.2544642857142,1306.6375
28.364983,1229.2544642857142,1306.6375
28.40185,1229.2544642857142,1306.6375
28.438899,1229.2544642857142,1306.6375
28.462747,1229.2544642857142,1306.6375
28.499499,1229.2544642857142,1306.6375
28.535345,1229.2544642857142,1306.6375
28.572658,1229.2544642857142,1306.6375
28.596254,1229.2544642857142,1308.35
28.632637,1229.2544642857142,1308.35
28.670278,1229.2544642857142,1308.35
28.705648,1229.2544642857142,1308.35
28.730806,1229.2544642857142,1308.35
28.766241,1229.2544642857142,1308.35
28.804393,1229.2544642857142,1308.35
28.838144,1229.2544642857142,1308.35
28.863946,1229.2544642857142,1308.35
28.898857,1227.5424107142858,1308.35
28.936923,1227.5424107142858,1308.35
28.973359,1225.830357142857,1308.35
28.997368,1225.830357142857,1308.35
29.033491,1224.1183035714284,1308.35
29.069343,1222.40625,1308.35
29.106906,1220.6941964285713,1308.35
29.129501,1220.6941964285713,1308.35
29.167065,1218.982142857143,1308.35
29.205195,1217.2700892857142,1308.35
29.240403,1215.5580357142858,1308.35
29.264863,1215.5580357142858,1308.35
29.301073,1213.845982142857,1308.35
29.337828,1213.845982142857,1306.6375
29.37257,1212.1339285714284,1306.6375
29.398093,1210.421875,1304.925
29.433956,1208.7098214285713,1304.925
29.47032,1206.997767857143,1304.925
29.495627,1205.2857142857142,1303.2124999999999
29.530206,1203.5736607142858,1303.2124999999999
29.568288,1203.5736607142858,1303.2124999999999
29.603545,1201.861607142857,1301.5
29.628074,1200.1495535714284,1301.5
29.664942,1200.1495535714284,1301.5
29.701289,1198.4375,1301.5
29.738362,1198.4375,1301.5
29.773176,1198.4375,1301.5
29.798785,1196.7254464285713,1301.5
29.833562,1196.7254464285713,1299.7875
29.871456,1196.7254464285713,1299.7875
29.906497,1195.013392857143,1299.7875
29.932015,1195.013392857143,1299.7875
29.967912,1195.013392857143,1299.7875
30.00414,1195.013392857143,1299.7875
30.029274,1195.013392857143,1299.7875
30.065735,1195.013392857143,1299.7875
30.101408,1195.013392857143,1299.7875
30.137789,1195.013392857143,1299.7875
30.163844,1195.013392857143,1299.7875
30.198685,1193.3013392857142,1299.7875
30.235536,1193.3013392857142,1299.7875
30.273183,1191.5892857142858,1298.075
30.296105,1191.5892857142858,1298.075
30.334348,1191.5892857142858,1298.075
30.369025,1191.5892857142858,1298.075
30.405677,1189.877232142857,1298.075
30.43048,1189.877232142857,1298.075
30.466587,1188.1651785714284,1296.3625
30.501549,1188.1651785714284,1296.3625
30.539473,1186.453125,1296.3625
30.564584,1184.7410714285713,1294.6499999999999
30.598963,1183.029017857143,1294.6499999999999
30.636744,1181.3169642857142,1294.6499999999999
30.671704,1176.1808035714284,1292.9375
30.698121,1162.484375,1291.225
30.73339,1150.5,1287.8
30.76941,1138.515625,1286.0874999999999
30.807666,1111.122767857143,1280.95
30.830632,1085.4419642857142,1277.5249999999999
30.867064,1061.4732142857142,1272.3875
30.903457,1025.5200892857142,1263.825
30.939573,989.5669642857142,1256.975
30.96283,958.75,1253.55
31.000441,931.3571428571429,1253.55
31.038758,905.6763392857142,1253.55
31.07227,873.1473214285714,1258.6875
31.099283,852.6026785714286,1262.1125
31.134073,825.2098214285714,1270.675
31.170747,792.6808035714286,1282.6625
31.20638,775.5602678571429,1289.5125
31.231869,760.1517857142857,1298.075
31.266806,734.4709821428571,1310.0625
31.304739,719.0625,1316.9125
31.329575,712.2142857142857,1322.05
31.364797,710.5022321428571,1323.7624999999998
31.401802,710.5022321428571,1323.7624999999998
31.437077,710.5022321428571,1323.7624999999998
31.474707,712.2142857142857,1323.7624999999998
31.497989,719.0625,1318.625
31.534224,729.3348214285714,1315.1999999999998
31.570162,744.7433035714286,1310.0625
31.606933,770.4241071428571,1304.925
31.632183,799.5290178571429,1298.075
31.667344,849.1785714285714,1292.9375
31.705042,879.9955357142857,1291.225
31.739515,893.6919642857142,1292.9375
31.765511,910.8125,1296.3625
31.801735,926.2209821428571,1298.075
31.837287,938.2053571428571,1301.5
31.863552,953.6138392857142,1304.925
31.898997,960.4620535714286,1308.35
31.934671,963.8861607142857,1308.35
31.970349,963.8861607142857,1308.35
31.996973,963.8861607142857,1308.35
32.031367,963.8861607142857,1308.35
32.068353,963.8861607142857,1308.35
32.10439,963.8861607142857,1308.35
32.128709,963.8861607142857,1308.35
32.165961,963.8861607142857,1308.35
32.202316,963.8861607142857,1308.35
32.238126,963.8861607142857,1308.35
32.274587,963.8861607142857,1308.35
32.300155,963.8861607142857,1308.35
32.334612,963.8861607142857,1308.35
32.37169,963.8861607142857,1308.35
32.39803,963.8861607142857,1308.35
32.432646,963.8861607142857,1308.35
32.469296,963.8861607142857,1308.35
32.504724,963.8861607142857,1308.35
32.529989,963.8861607142857,1308.35
32.565429,963.8861607142857,1308.35
32.602667,963.8861607142857,1308.35
32.64091,963.8861607142857,1308.35
32.664706,963.8861607142857,1308.35
32.700313,963.8861607142857,1308.35
32.735376,963.8861607142857,1308.35
32.77277,963.8861607142857,1308.35
32.796234,963.8861607142857,1308.35
32.834223,963.8861607142857,1308.35
32.870092,963.8861607142857,1308.35
32.905294,963.8861607142857,1308.35
32.931497,963.8861607142857,1308.35
32.966285,963.8861607142857,1308.35
33.002805,963.8861607142857,1308.35
33.039069,963.8861607142857,1308.35
33.064525,963.8861607142857,1308.35
33.09872,963.8861607142857,1308.35
33.136708,963.8861607142857,1308.35
33.174886,963.8861607142857,1308.35
33.197532,963.8861607142857,1308.35
33.234346,963.8861607142857,1308.35
33.270443,963.8861607142857,1308.35
33.306733,963.8861607142857,1308.35
33.331306,963.8861607142857,1308.35
33.368093,963.8861607142857,1308.35
33.40341,963.8861607142857,1308.35
33.440243,963.8861607142857,1308.35
33.465893,963.8861607142857,1308.35
33.500805,963.8861607142857,1308.35
33.537764,963.8861607142857,1308.35
33.573173,963.8861607142857,1308.35
33.598779,963.8861607142857,1308.35
33.634094,963.8861607142857,1308.35
33.670985,963.8861607142857,1308.35
33.706044,963.8861607142857,1308.35
33.732409,963.8861607142857,1308.35
33.769269,963.8861607142857,1308.35
33.804182,963.8861607142857,1308.35
33.829506,963.8861607142857,1308.35
33.86515,963.8861607142857,1308.35
33.902282,963.8861607142857,1308.35
33.937599,963.8861607142857,1308.35
33.973818,963.8861607142857,1308.35
33.996838,963.8861607142857,1308.35
34.035327,963.8861607142857,1308.35
34.071496,963.8861607142857,1308.35
34.106378,963.8861607142857,1308.35
34.133634,963.8861607142857,1308.35
34.166683,963.8861607142857,1308.35
34.204728,963.8861607142857,1308.35
34.23146,963.8861607142857,1308.35
34.265032,963.8861607142857,1308.35
34.301855,963.8861607142857,1308.35
34.338284,963.8861607142857,1308.35
34.36231,963.8861607142857,1308.35
34.399496,963.8861607142857,1308.35
34.436,963.8861607142857,1308.35
34.471243,963.8861607142857,1308.35
34.4964,963.8861607142857,1308.35
34.534055,963.8861607142857,1308.35
34.568148,963.8861607142857,1308.35
34.606603,963.8861607142857,1308.35
34.629972,963.8861607142857,1308.35
34.66614,963.8861607142857,1308.35
34.702777,963.8861607142857,1308.35
34.738778,963.8861607142857,1308.35
34.761939,963.8861607142857,1308.35
34.800383,965.5982142857142,1308.35
34.836157,969.0223214285714,1308.35
34.872255,974.1584821428571,1308.35
34.89674,975.8705357142857,1308.35
34.932243,975.8705357142857,1304.925
34.96926,974.1584821428571,1299.7875
35.005489,972.4464285714286,1296.3625
35.030086,969.0223214285714,1292.9375
35.067536,965.5982142857142,1287.8
35.104149,963.8861607142857,1282.6625
35.139099,960.4620535714286,1279.2375
35.16352,958.75,1274.1
35.201717,955.3258928571429,1270.675
35.235094,953.6138392857142,1265.5375
35.273205,950.1897321428571,1262.1125
35.296964,946.765625,1256.975
35.334326,941.6294642857142,1250.125
35.370526,936.4933035714286,1243.2749999999999
35.406384,933.0691964285714,1236.425
35.430827,927.9330357142857,1229.575
35.466412,922.796875,1221.0125
35.504229,919.3727678571429,1212.45
35.539744,915.9486607142857,1203.8875
35.564335,910.8125,1193.6125
35.601417,905.6763392857142,1183.3374999999999
35.636596,902.2522321428571,1171.35
35.674363,898.828125,1162.7875
35.697316,898.828125,1159.3625
35.735047,897.1160714285714,1154.225
35.770102,897.1160714285714,1152.5125
35.80698,895.4040178571429,1149.0874999999999
35.831176,895.4040178571429,1145.6625
35.868052,895.4040178571429,1142.2375
35.904581,895.4040178571429,1138.8125
35.940458,895.4040178571429,1131.9624999999999
35.965347,895.4040178571429,1126.825
35.999948,895.4040178571429,1121.6875
36.038558,893.6919642857142,1113.125
36.07285,893.6919642857142,1107.9875
36.097801,893.6919642857142,1099.425
36.132862,893.6919642857142,1092.575
36.170889,891.9799107142857,1087.4375
36.196036,891.9799107142857,1084.0125
36.231653,891.9799107142857,1080.5874999999999
36.268743,891.9799107142857,1077.1625
36.304219,890.2678571428571,1072.0249999999999
36.329589,890.2678571428571,1070.3125
36.364831,888.5558035714286,1066.8875
36.40072,886.84375,1063.4624999999999
36.439143,886.84375,1058.325
36.463154,885.1316964285714,1053.1875
36.500164,883.4196428571429,1044.625
36.534953,881.7075892857142,1037.7749999999999
36.572095,879.9955357142857,1030.925
36.607144,878.2834821428571,1020.65
36.633221,878.2834821428571,1015.5124999999999
36.67,876.5714285714286,1010.375
36.704986,876.5714285714286,1001.8125
36.731245,874.859375,996.675
36.765868,874.859375,991.5374999999999
36.803216,874.859375,986.4
36.838207,874.859375,982.9749999999999
36.863701,873.1473214285714,981.2624999999999
36.899324,873.1473214285714,979.55
36.935946,873.1473214285714,977.8375
36.972245,873.1473214285714,974.4124999999999
36.996687,873.1473214285714,972.6999999999999
37.03394,873.1473214285714,969.275
37.068803,873.1473214285714,965.8499999999999
37.106904,874.859375,962.425
37.13024,874.859375,960.7125
37.166268,874.859375,960.7125
37.203935,874.859375,959
37.239079,874.859375,959
37.263642,874.859375,957.2874999999999
37.299082,874.859375,957.2874999999999
37.337188,874.859375,955.5749999999999
37.372692,874.859375,952.15
37.396832,874.859375,948.7249999999999
