x,y,time
341.3333333333333,989.8818897637796,0.017032208328600973
341.3333333333333,989.8818897637796,0.03426495833264198
341.3333333333333,989.8818897637796,0.05116454166272888
341.3333333333333,989.8818897637796,0.06977349999942817
341.3333333333333,989.8818897637796,0.08728100000007544
341.3333333333333,989.8818897637796,0.10442316666740226
341.3333333333333,989.8818897637796,0.12348141666734591
341.3333333333333,989.8818897637796,0.14092620833253022
341.3333333333333,989.8818897637796,0.16136241667118156
341.3333333333333,989.8818897637796,0.19590625000273576
341.3333333333333,989.8818897637796,0.2136622083344264
341.3333333333333,989.8818897637796,0.24317308333411347
341.3333333333333,989.8818897637796,0.26528500000131316
341.3333333333333,989.8818897637796,0.28604795833234675
341.3333333333333,989.8818897637796,0.3049659166645142
341.3333333333333,989.8818897637796,0.32846874999813735
341.3333333333333,989.8818897637796,0.3596211666663294
341.3333333333333,989.8818897637796,0.3880222916704952
341.3333333333333,989.8818897637796,0.40458741666952847
341.3333333333333,989.8818897637796,0.4212173750056536
341.3333333333333,989.8818897637796,0.4378647500052466
341.3333333333333,989.8818897637796,0.4544935833400814
341.3333333333333,989.8818897637796,0.4871324166742852
341.3333333333333,989.8818897637796,0.5170309583409107
341.3333333333333,989.8818897637796,0.549772041675169
341.3333333333333,989.8818897637796,0.5744215690035781
337.77777777777777,989.8818897637796,0.6040998190044484
336.5925925925926,989.8818897637796,0.6224904023372511
333.037037037037,989.8818897637796,0.6391256940012391
328.2962962962963,989.8818897637796,0.6555229023404245
325.9259259259259,989.8818897637796,0.6727880690057355
321.18518518518516,989.8818897637796,0.705153068336283
318.81481481481484,989.8818897637796,0.721995776669853
316.44444444444446,987.6062992125984,0.7387931100071614
314.0740740740741,985.3307086614174,0.7554938183363151
312.8888888888889,985.3307086614174,0.7722025683375864
309.3333333333333,983.0551181102362,0.7885015266707955
306.962962962963,983.0551181102362,0.8087792350030827
305.77777777777777,983.0551181102362,0.8260221516735942
304.5925925925926,983.0551181102362,0.8435542766725734
304.5925925925926,983.0551181102362,0.860485776667399
304.5925925925926,983.0551181102362,0.8767909016730004
304.5925925925926,983.0551181102362,0.896657068338452
304.5925925925926,983.0551181102362,0.9303707343286517
304.5925925925926,983.0551181102362,0.9507074009969513
304.5925925925926,983.0551181102362,0.9681762343323937
304.5925925925926,983.0551181102362,0.9875399009987161
305.77777777777777,983.0551181102362,1.0056901926662687
308.14814814814815,983.0551181102362,1.0379139426666808
310.51851851851853,983.0551181102362,1.0555316093312723
312.8888888888889,983.0551181102362,1.0723173176673737
314.0740740740741,983.0551181102362,1.0893331509949786
316.44444444444446,983.0551181102362,1.106179109331468
317.6296296296296,983.0551181102362,1.1259924853361762
318.81481481481484,983.0551181102362,1.143363485337907
320,983.0551181102362,1.1602604020077005
320,983.0551181102362,1.1801294020038067
321.18518518518516,983.0551181102362,1.1978286103399323
322.3703703703704,983.0551181102362,1.2144538603384016
322.3703703703704,983.0551181102362,1.234349527002926
323.55555555555554,983.0551181102362,1.2510417353401162
323.55555555555554,983.0551181102362,1.2846168603423602
324.74074074074076,983.0551181102362,1.3021956520019766
324.74074074074076,983.0551181102362,1.319043152004745
327.1111111111111,983.0551181102362,1.3475442776615376
327.1111111111111,983.0551181102362,1.3645172359973652
328.2962962962963,983.0551181102362,1.3811112359907123
328.2962962962963,983.0551181102362,1.3979533193267992
329.48148148148147,983.0551181102362,1.414132152662088
329.48148148148147,983.0551181102362,1.4316479859916138
329.48148148148147,983.0551181102362,1.4478954443255783
330.6666666666667,983.0551181102362,1.479537277656956
330.6666666666667,983.0551181102362,1.49692665266036
331.85185185185185,983.0551181102362,1.5183960693246912
333.037037037037,983.0551181102362,1.5524237356719377
334.22222222222223,985.3307086614174,1.5979959023377441
335.4074074074074,985.3307086614174,1.61540819400284
336.5925925925926,985.3307086614174,1.6473985690015533
336.5925925925926,985.3307086614174,1.6643704856676331
337.77777777777777,985.3307086614174,1.683092402336798
337.77777777777777,985.3307086614174,1.7011274023377618
337.77777777777777,985.3307086614174,1.7210847773374107
337.77777777777777,985.3307086614174,1.7377302349989876
337.77777777777777,985.3307086614174,1.762042859997844
337.77777777777777,985.3307086614174,1.7811027350028852
337.77777777777777,985.3307086614174,1.799713443331082
337.77777777777777,985.3307086614174,1.8217429433346368
337.77777777777777,987.6062992125984,1.8424942766644634
337.77777777777777,987.6062992125984,1.874316568332968
337.77777777777777,987.6062992125984,1.9079087350031003
337.77777777777777,987.6062992125984,1.9259644016704514
337.77777777777777,987.6062992125984,1.9455661510007338
337.77777777777777,987.6062992125984,1.9880920259972334
337.77777777777777,987.6062992125984,2.0063310676639086
337.77777777777777,987.6062992125984,2.0230097760001664
337.77777777777777,987.6062992125984,2.040184817663161
337.77777777777777,987.6062992125984,2.0715558593298775
337.77777777777777,987.6062992125984,2.0952440676635016
337.77777777777777,987.6062992125984,2.114480150995136
337.77777777777777,985.3307086614174,2.135459484329389
338.962962962963,985.3307086614174,2.1531079013344474
340.14814814814815,980.7795275590552,2.1824266930030767
340.14814814814815,980.7795275590552,2.2157913180031805
340.14814814814815,980.7795275590552,2.2330779013333135
340.14814814814815,978.503937007874,2.2521929430055074
341.3333333333333,978.503937007874,2.273013693001854
341.3333333333333,976.2283464566929,2.2897096513384945
341.3333333333333,976.2283464566929,2.30968223466844
341.3333333333333,976.2283464566929,2.328578109668893
341.3333333333333,976.2283464566929,2.3460931513378505
341.3333333333333,976.2283464566929,2.364761526673542
341.3333333333333,976.2283464566929,2.385391693342976
341.3333333333333,976.2283464566929,2.4055152766731087
341.3333333333333,976.2283464566929,2.4264111933433785
341.3333333333333,976.2283464566929,2.447967068342118
341.3333333333333,976.2283464566929,2.4659767350084483
341.3333333333333,976.2283464566929,2.483376443341408
341.3333333333333,976.2283464566929,2.502365651677687
341.3333333333333,976.2283464566929,2.5188547766800955
341.3333333333333,976.2283464566929,2.5517879016760023
341.3333333333333,976.2283464566929,2.5720984849972957
341.3333333333333,976.2283464566929,2.5906796516642863
340.14814814814815,976.2283464566929,2.62271719333472
338.962962962963,976.2283464566929,2.6409047766642835
337.77777777777777,976.2283464566929,2.65754427666212
337.77777777777777,976.2283464566929,2.6745664433324783
336.5925925925926,976.2283464566929,2.693858901664098
336.5925925925926,976.2283464566929,2.7141240683336583
336.5925925925926,976.2283464566929,2.737751485000954
336.5925925925926,976.2283464566929,2.758985818334222
336.5925925925926,976.2283464566929,2.7779307356695
336.5925925925926,976.2283464566929,2.8006613190018044
336.5925925925926,976.2283464566929,2.81960423566575
336.5925925925926,976.2283464566929,2.84000294400262
336.5925925925926,976.2283464566929,2.8607192356657407
336.5925925925926,978.503937007874,2.8813679856693426
335.4074074074074,978.503937007874,2.9024967356680946
335.4074074074074,978.503937007874,2.9201149023364934
335.4074074074074,978.503937007874,2.949322569002973
335.4074074074074,978.503937007874,2.971137277338997
335.4074074074074,978.503937007874,2.9876732769984438
335.4074074074074,980.7795275590552,3.009471235330616
335.4074074074074,980.7795275590552,3.0259975686634926
335.4074074074074,980.7795275590552,3.058492860327001
335.4074074074074,980.7795275590552,3.0829026103305432
335.4074074074074,980.7795275590552,3.0992134019974538
335.4074074074074,980.7795275590552,3.1214109436618083
335.4074074074074,980.7795275590552,3.1396867769939627
335.4074074074074,983.0551181102362,3.1726626936646563
335.4074074074074,983.0551181102362,3.1903506943299895
335.4074074074074,985.3307086614174,3.206532986000692
335.4074074074074,985.3307086614174,3.223614485995366
335.4074074074074,985.3307086614174,3.255752527667081
335.4074074074074,985.3307086614174,3.272222194328659
335.4074074074074,987.6062992125984,3.2887766109952814
335.4074074074074,987.6062992125984,3.305324194329895
335.4074074074074,987.6062992125984,3.32222915266453
335.4074074074074,987.6062992125984,3.3389547776633286
335.4074074074074,987.6062992125984,3.3559510693331127
335.4074074074074,987.6062992125984,3.3724148193314782
335.4074074074074,987.6062992125984,3.3886833193274093
335.4074074074074,987.6062992125984,3.4056033606700993
335.4074074074074,987.6062992125984,3.4223795273372133
335.4074074074074,989.8818897637796,3.4392528190090133
335.4074074074074,989.8818897637796,3.455543027341079
335.4074074074074,989.8818897637796,3.4774910273425093
335.4074074074074,992.1574803149606,3.495997110674395
335.4074074074074,992.1574803149606,3.5190022356708113
335.4074074074074,992.1574803149606,3.536277027336652
335.4074074074074,992.1574803149606,3.5552208190072605
335.4074074074074,992.1574803149606,3.5745785690030942
335.4074074074074,992.1574803149606,3.5955236940078947
335.4074074074074,992.1574803149606,3.6155030269982755
335.4074074074074,994.4330708661417,3.6362616520017847
335.4074074074074,994.4330708661417,3.6571306520017326
335.4074074074074,994.4330708661417,3.679969068663858
335.4074074074074,994.4330708661417,3.6972668603302092
336.5925925925926,994.4330708661417,3.7272178186648754
336.5925925925926,994.4330708661417,3.7457680269980567
336.5925925925926,994.4330708661417,3.7637006936674235
337.77777777777777,994.4330708661417,3.7808437770035463
337.77777777777777,994.4330708661417,3.800972443666914
337.77777777777777,994.4330708661417,3.8181907776674606
337.77777777777777,994.4330708661417,3.8513307359975997
337.77777777777777,994.4330708661417,3.87076427766484
337.77777777777777,994.4330708661417,3.889001194329886
337.77777777777777,994.4330708661417,3.908353527666314
337.77777777777777,994.4330708661417,3.928751694329968
337.77777777777777,994.4330708661417,3.950805277665914
337.77777777777777,994.4330708661417,3.968094610995159
337.77777777777777,994.4330708661417,3.9857282776651672
337.77777777777777,994.4330708661417,4.001889861000073
337.77777777777777,994.4330708661417,4.033456485337666
337.77777777777777,994.4330708661417,4.053823568673835
337.77777777777777,994.4330708661417,4.072459485335713
337.77777777777777,994.4330708661417,4.092865193667677
337.77777777777777,994.4330708661417,4.110126277007367
337.77777777777777,994.4330708661417,4.129559735335789
337.77777777777777,994.4330708661417,4.147681902000187
337.77777777777777,994.4330708661417,4.18091794367254
337.77777777777777,994.4330708661417,4.203208693671769
337.77777777777777,994.4330708661417,4.22204994367101
337.77777777777777,994.4330708661417,4.255913611003282
337.77777777777777,994.4330708661417,4.275470819335399
337.77777777777777,994.4330708661417,4.2937091943351815
337.77777777777777,994.4330708661417,4.3138030276643375
337.77777777777777,994.4330708661417,4.331508527666531
337.77777777777777,994.4330708661417,4.34812740266739
338.962962962963,994.4330708661417,4.368074694332111
338.962962962963,994.4330708661417,4.3886958609984985
338.962962962963,994.4330708661417,4.405991152667641
338.962962962963,994.4330708661417,4.422969069335752
338.962962962963,994.4330708661417,4.441073819003175
338.962962962963,994.4330708661417,4.459016110665796
338.962962962963,994.4330708661417,4.480322610664696
340.14814814814815,994.4330708661417,4.514170943997267
340.14814814814815,994.4330708661417,4.544106694001637
340.14814814814815,994.4330708661417,4.574512069002192
340.14814814814815,994.4330708661417,4.592211652333897
340.14814814814815,994.4330708661417,4.623881069002489
340.14814814814815,994.4330708661417,4.643230360662272
340.14814814814815,994.4330708661417,4.662997860664034
340.14814814814815,994.4330708661417,4.683692277327935
340.14814814814815,994.4330708661417,4.704827443993707
340.14814814814815,994.4330708661417,4.725271943999103
340.14814814814815,994.4330708661417,4.746101693998496
340.14814814814815,994.4330708661417,4.767016485659695
340.14814814814815,994.4330708661417,4.790901277329538
340.14814814814815,994.4330708661417,4.809914818992836
340.14814814814815,994.4330708661417,4.84332665200081
340.14814814814815,994.4330708661417,4.873094610339008
340.14814814814815,994.4330708661417,4.889670693672356
340.14814814814815,992.1574803149606,4.906227360334283
341.3333333333333,992.1574803149606,4.922816068669176
341.3333333333333,992.1574803149606,4.939453152001347
341.3333333333333,992.1574803149606,4.956340902005008
341.3333333333333,989.8818897637796,4.973032110334584
341.3333333333333,989.8818897637796,4.989684235333966
341.3333333333333,989.8818897637796,5.006315527003876
341.3333333333333,989.8818897637796,5.023032527002483
341.3333333333333,989.8818897637796,5.039954860338453
341.3333333333333,989.8818897637796,5.056861444000404
341.3333333333333,989.8818897637796,5.07356190233493
342.51851851851853,989.8818897637796,5.106025110663339
342.51851851851853,989.8818897637796,5.122628068997599
342.51851851851853,989.8818897637796,5.1392779023322674
342.51851851851853,987.6062992125984,5.155905568996403
342.51851851851853,987.6062992125984,5.173151944002328
342.51851851851853,987.6062992125984,5.189455194000928
342.51851851851853,987.6062992125984,5.205985527335159
342.51851851851853,987.6062992125984,5.223135527334833
343.7037037037037,987.6062992125984,5.239658360662887
343.7037037037037,987.6062992125984,5.256358902328955
343.7037037037037,987.6062992125984,5.273025401667852
343.7037037037037,987.6062992125984,5.289287901669028
343.7037037037037,987.6062992125984,5.305928860001601
343.7037037037037,987.6062992125984,5.323017526669006
343.7037037037037,985.3307086614174,5.339361901667886
343.7037037037037,985.3307086614174,5.355849734998643
343.7037037037037,985.3307086614174,5.372960568336581
343.7037037037037,985.3307086614174,5.3892879849991155
343.7037037037037,985.3307086614174,5.4058321099983155
343.7037037037037,985.3307086614174,5.422519943331296
343.7037037037037,985.3307086614174,5.439562235002101
343.7037037037037,985.3307086614174,5.456338526670167
343.7037037037037,985.3307086614174,5.473217068003016
343.7037037037037,985.3307086614174,5.489582193007101
343.7037037037037,985.3307086614174,5.506458943007039
343.7037037037037,985.3307086614174,5.523014026340554
343.7037037037037,985.3307086614174,5.539567109673391
343.7037037037037,985.3307086614174,5.569171276339495
343.7037037037037,985.3307086614174,5.585915651335546
343.7037037037037,985.3307086614174,5.605131901338047
343.7037037037037,985.3307086614174,5.622597901335559
343.7037037037037,985.3307086614174,5.6394503180012014
343.7037037037037,985.3307086614174,5.656279026337308
343.7037037037037,985.3307086614174,5.676100109339505
343.7037037037037,985.3307086614174,5.693387984334014
343.7037037037037,985.3307086614174,5.713463651001267
343.7037037037037,985.3307086614174,5.733205026000552
343.7037037037037,985.3307086614174,5.753816900999856
343.7037037037037,985.3307086614174,5.7759184843375
343.7037037037037,985.3307086614174,5.793715109335072
343.7037037037037,985.3307086614174,5.810176026002783
343.7037037037037,985.3307086614174,5.842323984339065
343.7037037037037,985.3307086614174,5.872869984333566
343.7037037037037,985.3307086614174,5.88920952700037
343.7037037037037,985.3307086614174,5.921329360333496
343.7037037037037,985.3307086614174,5.93883981866575
343.7037037037037,985.3307086614174,5.956746735335495
343.7037037037037,985.3307086614174,5.972944193667084
343.7037037037037,985.3307086614174,5.992821610330887
343.7037037037037,985.3307086614174,6.012516901997609
343.7037037037037,985.3307086614174,6.030747110331598
343.7037037037037,985.3307086614174,6.047651735332787
343.7037037037037,985.3307086614174,6.067633943663262
343.7037037037037,985.3307086614174,6.088055610331233
343.7037037037037,985.3307086614174,6.105777527000338
343.7037037037037,985.3307086614174,6.148750527003596
343.7037037037037,985.3307086614174,6.16522056866803
343.7037037037037,985.3307086614174,6.1813570270007965
343.7037037037037,985.3307086614174,6.201165485332478
343.7037037037037,985.3307086614174,6.221570318665055
343.7037037037037,985.3307086614174,6.239059443664029
343.7037037037037,985.3307086614174,6.256333943665833
343.7037037037037,985.3307086614174,6.272785443665509
343.7037037037037,985.3307086614174,6.292758985333659
343.7037037037037,985.3307086614174,6.322784818995295
343.7037037037037,985.3307086614174,6.339114693992904
343.7037037037037,985.3307086614174,6.355639527328911
343.7037037037037,985.3307086614174,6.372738860659318
342.51851851851853,985.3307086614174,6.389109860664483
342.51851851851853,985.3307086614174,6.405653402328333
341.3333333333333,985.3307086614174,6.422262777329614
340.14814814814815,985.3307086614174,6.4393172773297
340.14814814814815,985.3307086614174,6.456246860662667
338.962962962963,985.3307086614174,6.4728498606590605
338.962962962963,985.3307086614174,6.489617652327887
338.962962962963,985.3307086614174,6.506233068993332
338.962962962963,985.3307086614174,6.52304802733475
337.77777777777777,985.3307086614174,6.5392993606691165
337.77777777777777,985.3307086614174,6.556093360671963
337.77777777777777,985.3307086614174,6.572866319005567
336.5925925925926,985.3307086614174,6.589544319005523
336.5925925925926,987.6062992125984,6.605663194004461
336.5925925925926,987.6062992125984,6.622259777333835
336.5925925925926,987.6062992125984,6.639150235667199
336.5925925925926,987.6062992125984,6.655951902339308
335.4074074074074,987.6062992125984,6.6727825689994065
335.4074074074074,987.6062992125984,6.689016360669354
335.4074074074074,987.6062992125984,6.705497277336559
335.4074074074074,989.8818897637796,6.722103360672787
335.4074074074074,989.8818897637796,6.738801443336996
335.4074074074074,989.8818897637796,6.755773901669016
334.22222222222223,989.8818897637796,6.772621401671785
334.22222222222223,989.8818897637796,6.789423985005413
334.22222222222223,989.8818897637796,6.805805401671677
334.22222222222223,989.8818897637796,6.822729818339866
334.22222222222223,989.8818897637796,6.839550110000999
334.22222222222223,989.8818897637796,6.855783943340356
334.22222222222223,989.8818897637796,6.8757533600062
334.22222222222223,989.8818897637796,6.893014318337663
334.22222222222223,989.8818897637796,6.913160318340232
334.22222222222223,989.8818897637796,6.93277894333616
334.22222222222223,989.8818897637796,6.95336469299987
334.22222222222223,992.1574803149606,6.975359234660985
334.22222222222223,992.1574803149606,6.993157026329257
334.22222222222223,994.4330708661417,7.009914401329709
334.22222222222223,994.4330708661417,7.026476192994281
334.22222222222223,996.7086614173228,7.0587058596651815
334.22222222222223,996.7086614173228,7.078620151333283
334.22222222222223,996.7086614173228,7.096860234662429
334.22222222222223,996.7086614173228,7.119580401333636
334.22222222222223,996.7086614173228,7.1371289846651536
334.22222222222223,996.7086614173228,7.155821276994715
334.22222222222223,996.7086614173228,7.173092985327997
334.22222222222223,998.9842519685039,7.191936401991001
334.22222222222223,998.9842519685039,7.208549485322322
334.22222222222223,998.9842519685039,7.225222526989995
334.22222222222223,998.9842519685039,7.249551526989848
334.22222222222223,998.9842519685039,7.2847176936544145
334.22222222222223,998.9842519685039,7.304267901991437
334.22222222222223,998.9842519685039,7.325846026992252
334.22222222222223,998.9842519685039,7.356104651994988
334.22222222222223,998.9842519685039,7.383395276997922
334.22222222222223,998.9842519685039,7.401090277000199
334.22222222222223,998.9842519685039,7.419616360331579
334.22222222222223,1001.2598425196851,7.440186401994302
334.22222222222223,1001.2598425196851,7.46161144366271
334.22222222222223,1001.2598425196851,7.496150860327921
334.22222222222223,1001.2598425196851,7.5127033186632755
334.22222222222223,1001.2598425196851,7.542664068661557
334.22222222222223,1001.2598425196851,7.559813527002561
334.22222222222223,1001.2598425196851,7.580968152001887
334.22222222222223,1001.2598425196851,7.617771777002062
334.22222222222223,1001.2598425196851,7.6367636103365015
334.22222222222223,1001.2598425196851,7.65755411033534
334.22222222222223,1001.2598425196851,7.678615735339562
334.22222222222223,1001.2598425196851,7.701170443671444
334.22222222222223,1001.2598425196851,7.71752740200246
334.22222222222223,1001.2598425196851,7.750793318669466
334.22222222222223,1001.2598425196851,7.792710152337415
334.22222222222223,1001.2598425196851,7.810467777336337
334.22222222222223,1001.2598425196851,7.8396477773413356
334.22222222222223,1001.2598425196851,7.858929069006146
334.22222222222223,1001.2598425196851,7.879576985672495
334.22222222222223,1001.2598425196851,7.89857594400298
334.22222222222223,1001.2598425196851,7.930969985674048
334.22222222222223,1001.2598425196851,7.948141527339496
334.22222222222223,1001.2598425196851,7.964937527335744
334.22222222222223,1001.2598425196851,7.982420028000562
334.22222222222223,1001.2598425196851,7.999403819662477
334.22222222222223,1001.2598425196851,8.01613773632802
334.22222222222223,998.9842519685039,8.033042277997666
334.22222222222223,996.7086614173228,8.065076986330169
334.22222222222223,996.7086614173228,8.081629944662055
334.22222222222223,994.4330708661417,8.098406694664519
334.22222222222223,992.1574803149606,8.114881069663753
334.22222222222223,992.1574803149606,8.131534028000388
334.22222222222223,989.8818897637796,8.148793152994259
334.22222222222223,987.6062992125984,8.165778694662222
335.4074074074074,987.6062992125984,8.182785319333872
335.4074074074074,985.3307086614174,8.198922527665074
335.4074074074074,985.3307086614174,8.21585911100041
335.4074074074074,983.0551181102362,8.232558611004007
335.4074074074074,983.0551181102362,8.249240069332101
335.4074074074074,983.0551181102362,8.265921694330556
335.4074074074074,980.7795275590552,8.282653611002699
336.5925925925926,980.7795275590552,8.314283736001327
336.5925925925926,978.503937007874,8.332088777666597
336.5925925925926,978.503937007874,8.348267569332476
336.5925925925926,978.503937007874,8.364717694336234
336.5925925925926,978.503937007874,8.38138019433458
336.5925925925926,976.2283464566929,8.39796998533545
336.5925925925926,976.2283464566929,8.414574235334086
336.5925925925926,976.2283464566929,8.431800318669204
336.5925925925926,976.2283464566929,8.449737818669902
336.5925925925926,976.2283464566929,8.482372777003704
336.5925925925926,976.2283464566929,8.498613985333733
336.5925925925926,976.2283464566929,8.515384151998816
336.5925925925926,976.2283464566929,8.532146818672274
336.5925925925926,976.2283464566929,8.564699651999192
336.5925925925926,976.2283464566929,8.581307610335145
336.5925925925926,976.2283464566929,8.597808402000894
336.5925925925926,976.2283464566929,8.614431485334553
336.5925925925926,976.2283464566929,8.631684776996753
336.5925925925926,976.2283464566929,8.647937527003723
336.5925925925926,976.2283464566929,8.664408693669447
336.5925925925926,976.2283464566929,8.68102981866561
336.5925925925926,976.2283464566929,8.69765261033628
336.5925925925926,976.2283464566929,8.714321943666636
336.5925925925926,976.2283464566929,8.73097040199811
336.5925925925926,976.2283464566929,8.748175901998383
336.5925925925926,976.2283464566929,8.764632401999751
336.5925925925926,976.2283464566929,8.782148110335601
337.77777777777777,976.2283464566929,8.798972651999993
337.77777777777777,976.2283464566929,8.818192942996703
337.77777777777777,976.2283464566929,8.840900484659088
337.77777777777777,976.2283464566929,8.857335984660622
337.77777777777777,976.2283464566929,8.87409635966209
337.77777777777777,976.2283464566929,8.893277942993464
337.77777777777777,976.2283464566929,8.913045234662732
337.77777777777777,976.2283464566929,8.931284651332263
337.77777777777777,976.2283464566929,8.94836210966345
337.77777777777777,976.2283464566929,8.968861192993373
337.77777777777777,976.2283464566929,8.988116692996428
337.77777777777777,976.2283464566929,9.006384567995283
337.77777777777777,976.2283464566929,9.02337265199837
337.77777777777777,976.2283464566929,9.043318693660849
337.77777777777777,976.2283464566929,9.06317944365962
337.77777777777777,976.2283464566929,9.081345235328781
337.77777777777777,976.2283464566929,9.099268818663559
337.77777777777777,976.2283464566929,9.116187610325296
337.77777777777777,976.2283464566929,9.13296227699554
337.77777777777777,976.2283464566929,9.151958943661311
337.77777777777777,976.2283464566929,9.171743610331914
337.77777777777777,976.2283464566929,9.189523151992189
337.77777777777777,976.2283464566929,9.206218985327878
337.77777777777777,976.2283464566929,9.224225902335055
337.77777777777777,976.2283464566929,9.241450985669834
337.77777777777777,976.2283464566929,9.260400152337715
337.77777777777777,976.2283464566929,9.280824277333485
337.77777777777777,976.2283464566929,9.298032860673592
337.77777777777777,976.2283464566929,9.314905485671224
337.77777777777777,976.2283464566929,9.347146110669163
337.77777777777777,976.2283464566929,9.364757819001133
337.77777777777777,976.2283464566929,9.381951360666752
337.77777777777777,976.2283464566929,9.398180694000947
337.77777777777777,976.2283464566929,9.414697652335198
337.77777777777777,976.2283464566929,9.431798818333851
337.77777777777777,976.2283464566929,9.44887485999971
337.77777777777777,976.2283464566929,9.481342818335184
337.77777777777777,976.2283464566929,9.498036526669244
337.77777777777777,976.2283464566929,9.514651485000291
337.77777777777777,976.2283464566929,9.532726110004665
337.77777777777777,976.2283464566929,9.549707693333408
337.77777777777777,976.2283464566929,9.567939943337484
337.77777777777777,976.2283464566929,9.58552748500552
337.77777777777777,976.2283464566929,9.605161610003057
337.77777777777777,976.2283464566929,9.625612110003209
337.77777777777777,976.2283464566929,9.647463610329842
337.77777777777777,976.2283464566929,9.664557110328579
337.77777777777777,976.2283464566929,9.68249165199767
337.77777777777777,976.2283464566929,9.715497026998028
337.77777777777777,976.2283464566929,9.73399873533298
337.77777777777777,976.2283464566929,9.75537311033212
337.77777777777777,976.2283464566929,9.77640031866712
337.77777777777777,976.2283464566929,9.79386731866497
337.77777777777777,976.2283464566929,9.814257235331288
337.77777777777777,976.2283464566929,9.834265943667097
337.77777777777777,976.2283464566929,9.852598068672373
337.77777777777777,978.503937007874,9.872702777011577
337.77777777777777,978.503937007874,9.905739693673818
337.77777777777777,978.503937007874,9.925541193672538
337.77777777777777,980.7795275590552,9.944124902006147
337.77777777777777,980.7795275590552,9.960976068676823
337.77777777777777,980.7795275590552,9.978167527010223
337.77777777777777,983.0551181102362,9.995494193678164
337.77777777777777,983.0551181102362,10.01452140200548
337.77777777777777,983.0551181102362,10.031854027006043
337.77777777777777,983.0551181102362,10.05195669367516
337.77777777777777,983.0551181102362,10.0721560273376
337.77777777777777,985.3307086614174,10.09285744400387
337.77777777777777,985.3307086614174,10.114691402333678
337.77777777777777,987.6062992125984,10.13333890233463
337.77777777777777,987.6062992125984,10.150321527333121
337.77777777777777,987.6062992125984,10.169141652331577
337.77777777777777,989.8818897637796,10.186334985664702
337.77777777777777,989.8818897637796,10.206328777334251
336.5925925925926,989.8818897637796,10.240178735664644
336.5925925925926,989.8818897637796,10.260049735668703
336.5925925925926,989.8818897637796,10.278176193331806
336.5925925925926,992.1574803149606,10.295997276664625
336.5925925925926,992.1574803149606,10.31500115166526
336.5925925925926,992.1574803149606,10.33165785999407
336.5925925925926,992.1574803149606,10.364219443329407
336.5925925925926,994.4330708661417,10.397964484999452
336.5925925925926,994.4330708661417,10.430713359996648
336.5925925925926,994.4330708661417,10.448784359995248
336.5925925925926,996.7086614173228,10.46627731833249
336.5925925925926,996.7086614173228,10.485375693999679
336.5925925925926,996.7086614173228,10.502180194002442
335.4074074074074,996.7086614173228,10.522851444002747
335.4074074074074,996.7086614173228,10.539694318999402
335.4074074074074,996.7086614173228,10.56038069399846
335.4074074074074,998.9842519685039,10.589814193998329
335.4074074074074,998.9842519685039,10.608753277331282
335.4074074074074,998.9842519685039,10.628737569001252
335.4074074074074,998.9842519685039,10.649463735666806
335.4074074074074,998.9842519685039,10.670276568999263
335.4074074074074,998.9842519685039,10.69116765200614
335.4074074074074,998.9842519685039,10.71522098534059
335.4074074074074,998.9842519685039,10.733068402008382
335.4074074074074,998.9842519685039,10.754458652011987
335.4074074074074,998.9842519685039,10.771091610341852
335.4074074074074,998.9842519685039,10.78771994367288
335.4074074074074,998.9842519685039,10.8194069436753
335.4074074074074,998.9842519685039,10.837227943676577
335.4074074074074,998.9842519685039,10.860599485345471
335.4074074074074,998.9842519685039,10.881832235343051
335.4074074074074,998.9842519685039,10.910540943324452
335.4074074074074,998.9842519685039,10.942530943327586
335.4074074074074,998.9842519685039,10.960258151658639
335.4074074074074,998.9842519685039,10.981383318328302
335.4074074074074,998.9842519685039,10.999127234993797
335.4074074074074,998.9842519685039,11.030394026659781
335.4074074074074,998.9842519685039,11.048002068323843
335.4074074074074,998.9842519685039,11.068475151659516
335.4074074074074,998.9842519685039,11.08552310999163
335.4074074074074,998.9842519685039,11.106369734661374
335.4074074074074,998.9842519685039,11.126780609658116
335.4074074074074,998.9842519685039,11.148107567998185
335.4074074074074,998.9842519685039,11.166212109659345
335.4074074074074,998.9842519685039,11.183595067995729
335.4074074074074,998.9842519685039,11.215666276329674
335.4074074074074,998.9842519685039,11.235411192995915
335.4074074074074,998.9842519685039,11.256356609664753
335.4074074074074,998.9842519685039,11.277182609664695
335.4074074074074,998.9842519685039,11.29566398465943
335.4074074074074,998.9842519685039,11.314722734330612
335.4074074074074,998.9842519685039,11.335500942661351
335.4074074074074,998.9842519685039,11.353993234328268
335.4074074074074,998.9842519685039,11.374085567660554
335.4074074074074,998.9842519685039,11.394301900998439
335.4074074074074,998.9842519685039,11.41302090099813
335.4074074074074,998.9842519685039,11.432550150997454
335.4074074074074,998.9842519685039,11.452561817664868
335.4074074074074,998.9842519685039,11.470612775994564
335.4074074074074,998.9842519685039,11.488457525994786
335.4074074074074,998.9842519685039,11.50761252599656
335.4074074074074,998.9842519685039,11.527321484333095
335.4074074074074,998.9842519685039,11.545679442664857
335.4074074074074,998.9842519685039,11.563343609334277
335.4074074074074,998.9842519685039,11.582678442668419
335.4074074074074,998.9842519685039,11.60284844266456
335.4074074074074,996.7086614173228,11.621248109331953
335.4074074074074,996.7086614173228,11.640897400997654
335.4074074074074,994.4330708661417,11.661186984333051
335.4074074074074,992.1574803149606,11.678976192663265
335.4074074074074,992.1574803149606,11.695126275997916
335.4074074074074,992.1574803149606,11.711736192665137
335.4074074074074,992.1574803149606,11.7314544429984
335.4074074074074,992.1574803149606,11.750144067992695
335.4074074074074,989.8818897637796,11.768411776328465
335.4074074074074,989.8818897637796,11.78714540133038
335.4074074074074,987.6062992125984,11.804331901331496
335.4074074074074,985.3307086614174,11.836622276329907
335.4074074074074,985.3307086614174,11.853565442995349
335.4074074074074,985.3307086614174,11.874052276326582
335.4074074074074,985.3307086614174,11.893810359660309
335.4074074074074,985.3307086614174,11.912817442994454
335.4074074074074,985.3307086614174,11.932466360663524
335.4074074074074,985.3307086614174,11.948974693997583
335.4074074074074,983.0551181102362,11.993533860662422
335.4074074074074,983.0551181102362,12.012038485659572
335.4074074074074,983.0551181102362,12.030268277328572
335.4074074074074,983.0551181102362,12.049156777331076
335.4074074074074,983.0551181102362,12.069284902328503
335.4074074074074,980.7795275590552,12.086713027328654
335.4074074074074,980.7795275590552,12.103128110665706
335.4074074074074,978.503937007874,12.119712693998293
335.4074074074074,978.503937007874,12.139605151999222
335.4074074074074,978.503937007874,12.158229235327399
335.4074074074074,978.503937007874,12.175764193664309
335.4074074074074,978.503937007874,12.193891026996953
335.4074074074074,978.503937007874,12.210504401999588
335.4074074074074,978.503937007874,12.229919401994794
335.4074074074074,978.503937007874,12.24748877699365
335.4074074074074,978.503937007874,12.265975110327945
335.4074074074074,978.503937007874,12.295356985327617
335.4074074074074,978.503937007874,12.312624151993605
335.4074074074074,976.2283464566929,12.360528193336707
335.4074074074074,976.2283464566929,12.379698276667826
335.4074074074074,976.2283464566929,12.411359068336226
335.4074074074074,976.2283464566929,12.42784477667263
335.4074074074074,976.2283464566929,12.44388248500289
335.4074074074074,976.2283464566929,12.460520901668845
335.4074074074074,976.2283464566929,12.477214568333496
336.5925925925926,976.2283464566929,12.49388081833857
336.5925925925926,976.2283464566929,12.511054943332768
336.5925925925926,976.2283464566929,12.528510360006097
336.5925925925926,973.9527559055118,12.56058981866442
337.77777777777777,973.9527559055118,12.578553693662224
337.77777777777777,973.9527559055118,12.595020151997568
337.77777777777777,973.9527559055118,12.61198898533109
337.77777777777777,973.9527559055118,12.64424823532533
337.77777777777777,973.9527559055118,12.661585068659742
337.77777777777777,973.9527559055118,12.678708235327912
337.77777777777777,973.9527559055118,12.71093344366306
337.77777777777777,973.9527559055118,12.727537026994804
337.77777777777777,973.9527559055118,12.744385026994104
337.77777777777777,973.9527559055118,12.760537110329432
337.77777777777777,973.9527559055118,12.77727106799954
337.77777777777777,973.9527559055118,12.793886776336297
337.77777777777777,973.9527559055118,12.811364567998101
337.77777777777777,973.9527559055118,12.828457901333753
337.77777777777777,973.9527559055118,12.844778318001193
337.77777777777777,973.9527559055118,12.861667401331363
337.77777777777777,973.9527559055118,12.878388859665723
337.77777777777777,973.9527559055118,12.89509040133213
337.77777777777777,973.9527559055118,12.911768734665532
337.77777777777777,973.9527559055118,12.928442943003905
337.77777777777777,973.9527559055118,12.960604568004204
337.77777777777777,973.9527559055118,12.977933275998016
337.77777777777777,973.9527559055118,12.994130276002483
337.77777777777777,973.9527559055118,13.010551234333338
337.77777777777777,973.9527559055118,13.027154609332587
337.77777777777777,973.9527559055118,13.043765567669556
337.77777777777777,973.9527559055118,13.060421109334943
337.77777777777777,973.9527559055118,13.077081275999166
337.77777777777777,973.9527559055118,13.09431731766826
337.77777777777777,973.9527559055118,13.111203359335281
337.77777777777777,973.9527559055118,13.12722673433463
337.77777777777777,973.9527559055118,13.143863984337163
337.77777777777777,973.9527559055118,13.160440276003005
337.77777777777777,973.9527559055118,13.177094317664245
337.77777777777777,973.9527559055118,13.193658192661422
337.77777777777777,973.9527559055118,13.210294275993254
337.77777777777777,973.9527559055118,13.227506650994945
337.77777777777777,973.9527559055118,13.243705942664127
337.77777777777777,973.9527559055118,13.260266234331828
337.77777777777777,973.9527559055118,13.277532817662467
337.77777777777777,973.9527559055118,13.293814234331256
337.77777777777777,973.9527559055118,13.310490150998993
337.77777777777777,973.9527559055118,13.326861192666291
337.77777777777777,973.9527559055118,13.343538359328994
337.77777777777777,973.9527559055118,13.36015490099573
337.77777777777777,973.9527559055118,13.377449567660113
337.77777777777777,973.9527559055118,13.394198444001155
337.77777777777777,976.2283464566929,13.410282777337194
337.77777777777777,976.2283464566929,13.428350485670741
337.77777777777777,976.2283464566929,13.4445592773395
337.77777777777777,976.2283464566929,13.461525694007356
337.77777777777777,976.2283464566929,13.480476277340564
337.77777777777777,976.2283464566929,13.497907610674226
337.77777777777777,976.2283464566929,13.520048069002293
337.77777777777777,978.503937007874,13.53889515234048
337.77777777777777,978.503937007874,13.569277235669212
337.77777777777777,980.7795275590552,13.585485735673934
337.77777777777777,980.7795275590552,13.602482402004378
337.77777777777777,980.7795275590552,13.622242777010095
337.77777777777777,980.7795275590552,13.642055485337758
337.77777777777777,983.0551181102362,13.663324652005238
337.77777777777777,983.0551181102362,13.685112735342253
337.77777777777777,985.3307086614174,13.706456360340079
337.77777777777777,985.3307086614174,13.727969443671308
337.77777777777777,987.6062992125984,13.746261443671964
337.77777777777777,987.6062992125984,13.765353152010201
337.77777777777777,987.6062992125984,13.783198860341352
337.77777777777777,987.6062992125984,13.803191568998503
337.77777777777777,987.6062992125984,13.83702161066822
337.77777777777777,987.6062992125984,13.859420068996318
337.77777777777777,987.6062992125984,13.878045402334013
337.77777777777777,987.6062992125984,13.899577194000361
337.77777777777777,987.6062992125984,13.917566402332799
337.77777777777777,987.6062992125984,13.936929735665675
337.77777777777777,989.8818897637796,13.969313193998008
337.77777777777777,989.8818897637796,13.987364402329607
337.77777777777777,992.1574803149606,14.00368311033371
337.77777777777777,992.1574803149606,14.021250360330939
337.77777777777777,992.1574803149606,14.038048193664778
337.77777777777777,992.1574803149606,14.06992811033551
337.77777777777777,992.1574803149606,14.086492610329785
337.77777777777777,992.1574803149606,14.104194901998468
337.77777777777777,992.1574803149606,14.120726610335893
337.77777777777777,992.1574803149606,14.137830943667993
337.77777777777777,992.1574803149606,14.170922652001806
337.77777777777777,992.1574803149606,14.2031431519993
337.77777777777777,992.1574803149606,14.219675402004945
337.77777777777777,992.1574803149606,14.25217802700427
337.77777777777777,992.1574803149606,14.268906068668734
337.77777777777777,992.1574803149606,14.286224027004941
337.77777777777777,992.1574803149606,14.302827068670744
337.77777777777777,992.1574803149606,14.320413777001527
337.77777777777777,992.1574803149606,14.336515277006406
337.77777777777777,992.1574803149606,14.352890360337192
337.77777777777777,992.1574803149606,14.369464943666394
337.77777777777777,992.1574803149606,14.3855005270023
337.77777777777777,992.1574803149606,14.402166152002614
337.77777777777777,992.1574803149606,14.418841568666544
337.77777777777777,992.1574803149606,14.436779985003117
337.77777777777777,992.1574803149606,14.454222526672996
337.77777777777777,992.1574803149606,14.470745860004858
337.77777777777777,992.1574803149606,14.502745818341968
337.77777777777777,992.1574803149606,14.520078901669653
337.77777777777777,992.1574803149606,14.55217915167555
337.77777777777777,992.1574803149606,14.569265735003459
337.77777777777777,992.1574803149606,14.585827401674354
337.77777777777777,992.1574803149606,14.602456943338215
337.77777777777777,992.1574803149606,14.619907401671984
337.77777777777777,992.1574803149606,14.636062818341774
337.77777777777777,992.1574803149606,14.652458901995347
337.77777777777777,992.1574803149606,14.669287693662996
337.77777777777777,992.1574803149606,14.685816235329044
337.77777777777777,992.1574803149606,14.702179693658623
337.77777777777777,992.1574803149606,14.719002193660204
337.77777777777777,992.1574803149606,14.735575901997295
337.77777777777777,992.1574803149606,14.752179110326184
337.77777777777777,992.1574803149606,14.770524943660208
337.77777777777777,992.1574803149606,14.787744276994859
337.77777777777777,992.1574803149606,14.80613419366077
337.77777777777777,992.1574803149606,14.823595860323481
337.77777777777777,992.1574803149606,14.843698901995454
337.77777777777777,992.1574803149606,14.877238318663665
337.77777777777777,992.1574803149606,14.897742693666594
337.77777777777777,992.1574803149606,14.91523511033062
337.77777777777777,992.1574803149606,14.934914360329792
337.77777777777777,992.1574803149606,14.952866026998315
337.77777777777777,992.1574803149606,14.972957360330263
337.77777777777777,992.1574803149606,15.003441610334782
337.77777777777777,992.1574803149606,15.022440818667171
337.77777777777777,992.1574803149606,15.043402526998186
337.77777777777777,992.1574803149606,15.059535610002486
337.77777777777777,992.1574803149606,15.077616859999099
337.77777777777777,992.1574803149606,15.095627568335177
337.77777777777777,992.1574803149606,15.114826068333487
337.77777777777777,992.1574803149606,15.135301110000428
337.77777777777777,992.1574803149606,15.153304776664728
337.77777777777777,992.1574803149606,15.170624109996853
337.77777777777777,992.1574803149606,15.189673651665062
337.77777777777777,992.1574803149606,15.210323984997077
337.77777777777777,992.1574803149606,15.228456609999258
337.77777777777777,992.1574803149606,15.246075484996682
337.77777777777777,992.1574803149606,15.264999360000548
337.77777777777777,989.8818897637796,15.285394860003908
337.77777777777777,989.8818897637796,15.303408568333726
337.77777777777777,989.8818897637796,15.33821252666694
337.77777777777777,987.6062992125984,15.360449026667812
337.77777777777777,987.6062992125984,15.380561735002448
337.77777777777777,987.6062992125984,15.399149235004916
337.77777777777777,987.6062992125984,15.418710068335532
337.77777777777777,987.6062992125984,15.436838360002913
337.77777777777777,987.6062992125984,15.4552809850009
337.77777777777777,987.6062992125984,15.473531318335985
337.77777777777777,987.6062992125984,15.493573401671268
337.77777777777777,987.6062992125984,15.510807735003722
337.77777777777777,987.6062992125984,15.529202193336927
337.77777777777777,987.6062992125984,15.546669484998814
337.77777777777777,987.6062992125984,15.565374443331633
337.77777777777777,987.6062992125984,15.594897360004792
337.77777777777777,985.3307086614174,15.611152234998839
337.77777777777777,985.3307086614174,15.627604901669214
337.77777777777777,985.3307086614174,15.643835235003747
337.77777777777777,985.3307086614174,15.660576360004155
337.77777777777777,985.3307086614174,15.67857277699843
337.77777777777777,985.3307086614174,15.710516777000544
337.77777777777777,985.3307086614174,15.728180276995795
337.77777777777777,985.3307086614174,15.745161485328959
337.77777777777777,985.3307086614174,15.762083776995519
337.77777777777777,985.3307086614174,15.79385040200034
337.77777777777777,985.3307086614174,15.81152886033126
337.77777777777777,985.3307086614174,15.827614568663217
337.77777777777777,985.3307086614174,15.844063401995323
337.77777777777777,985.3307086614174,15.860640902001274
337.77777777777777,985.3307086614174,15.877246318663333
337.77777777777777,985.3307086614174,15.893832943665084
337.77777777777777,985.3307086614174,15.910579735334077
337.77777777777777,985.3307086614174,15.927920568662566
337.77777777777777,985.3307086614174,15.944788568668637
337.77777777777777,985.3307086614174,15.961618443668167
337.77777777777777,985.3307086614174,15.978436818667442
337.77777777777777,985.3307086614174,16.01058044366892
337.77777777777777,985.3307086614174,16.027151443669034
337.77777777777777,985.3307086614174,16.04387736033187
337.77777777777777,985.3307086614174,16.060447527002005
337.77777777777777,985.3307086614174,16.077060485332375
337.77777777777777,985.3307086614174,16.093772193665252
337.77777777777777,985.3307086614174,16.110334527332938
337.77777777777777,985.3307086614174,16.1283244439944
337.77777777777777,985.3307086614174,16.145533402330088
337.77777777777777,985.3307086614174,16.164294902333253
337.77777777777777,985.3307086614174,16.18161365233003
337.77777777777777,985.3307086614174,16.21362106899663
337.77777777777777,985.3307086614174,16.233795652329476
337.77777777777777,985.3307086614174,16.25458811066686
337.77777777777777,985.3307086614174,16.275456318998963
337.77777777777777,985.3307086614174,16.296328277330517
337.77777777777777,985.3307086614174,16.317225817669158
337.77777777777777,985.3307086614174,16.33810673433435
337.77777777777777,985.3307086614174,16.35897806766842
337.77777777777777,985.3307086614174,16.37987869266907
337.77777777777777,985.3307086614174,16.400755151005786
337.77777777777777,985.3307086614174,16.421631692666768
337.77777777777777,985.3307086614174,16.442524775999107
337.77777777777777,985.3307086614174,16.463426151005468
337.77777777777777,985.3307086614174,16.484854275999158
337.77777777777777,985.3307086614174,16.4977311
337.77777777777777,985.3307086614174,16.52066076666573
337.77777777777777,985.3307086614174,16.538336975001346
337.77777777777777,985.3307086614174,16.555416225000716
337.77777777777777,985.3307086614174,16.57226551666439
337.77777777777777,985.3307086614174,16.604926933334117
337.77777777777777,985.3307086614174,16.62422601666525
337.77777777777777,985.3307086614174,16.644379308334226
337.77777777777777,985.3307086614174,16.666235391672434
337.77777777777777,985.3307086614174,16.685986391672248
337.77777777777777,985.3307086614174,16.704472683337134
337.77777777777777,985.3307086614174,16.721526433338784
337.77777777777777,985.3307086614174,16.751843016670808
337.77777777777777,985.3307086614174,16.79744531666656
337.77777777777777,985.3307086614174,16.815179316660213
337.77777777777777,985.3307086614174,16.8479621083301
337.77777777777777,985.3307086614174,16.8667873583312
337.77777777777777,985.3307086614174,16.88506023333175
337.77777777777777,985.3307086614174,16.922738941661372
337.77777777777777,985.3307086614174,16.93927773333271
337.77777777777777,985.3307086614174,16.955959774996153
337.77777777777777,985.3307086614174,16.97261698332877
337.77777777777777,987.6062992125984,17.014686691995447
337.77777777777777,987.6062992125984,17.045161983659053
337.77777777777777,987.6062992125984,17.06349806699887
337.77777777777777,989.8818897637796,17.081445733658764
337.77777777777777,992.1574803149606,17.098859483665873
337.77777777777777,992.1574803149606,17.118242650327883
337.77777777777777,994.4330708661417,17.145114275327213
337.77777777777777,994.4330708661417,17.164761733662598
337.77777777777777,994.4330708661417,17.183367275326017
337.77777777777777,994.4330708661417,17.200689233663578
337.77777777777777,994.4330708661417,17.216878483672538
337.77777777777777,994.4330708661417,17.236909358671603
337.77777777777777,994.4330708661417,17.2577343170018
337.77777777777777,994.4330708661417,17.275391150335402
337.77777777777777,994.4330708661417,17.293527192003587
337.77777777777777,994.4330708661417,17.312808150334952
337.77777777777777,994.4330708661417,17.345531358671344
337.77777777777777,994.4330708661417,17.37521569200579
337.77777777777777,994.4330708661417,17.394698067004704
337.77777777777777,994.4330708661417,17.413109900339244
337.77777777777777,994.4330708661417,17.43162865033777
337.77777777777777,994.4330708661417,17.449800442008964
337.77777777777777,994.4330708661417,17.466931400340073
337.77777777777777,994.4330708661417,17.49653398367049
336.5925925925926,994.4330708661417,17.515862692008923
335.4074074074074,989.8818897637796,17.546742150341416
334.22222222222223,987.6062992125984,17.56624098367287
333.037037037037,985.3307086614174,17.583008358676707
330.6666666666667,983.0551181102362,17.601164108673075
328.2962962962963,978.503937007874,17.634084775999426
325.9259259259259,976.2283464566929,17.65110544266564
324.74074074074076,973.9527559055118,17.683769526002934
322.3703703703704,971.6771653543307,17.700953692669927
321.18518518518516,969.4015748031496,17.720087526001507
318.81481481481484,969.4015748031496,17.73795694266947
315.25925925925924,967.1259842519685,17.770710151001467
314.0740740740741,964.8503937007874,17.78710702599993
314.0740740740741,964.8503937007874,17.80603919266933
312.8888888888889,964.8503937007874,17.822631484333314
312.8888888888889,964.8503937007874,17.846965358666477
312.8888888888889,964.8503937007874,17.86609027533383
312.8888888888889,964.8503937007874,17.88447206699608
314.0740740740741,964.8503937007874,17.903433233660746
314.0740740740741,964.8503937007874,17.921973316996866
316.44444444444446,964.8503937007874,17.94337290032969
318.81481481481484,967.1259842519685,17.96496794199744
320,967.1259842519685,17.983337275328505
321.18518518518516,967.1259842519685,18.003678691996594
324.74074074074076,969.4015748031496,18.03466473366394
327.1111111111111,971.6771653543307,18.06728052566937
328.2962962962963,971.6771653543307,18.09693994233417
329.48148148148147,971.6771653543307,18.11397165066624
330.6666666666667,971.6771653543307,18.14660385900093
330.6666666666667,973.9527559055118,18.166149359000297
330.6666666666667,973.9527559055118,18.183695775668053
331.85185185185185,973.9527559055118,18.201928400667708
331.85185185185185,973.9527559055118,18.22158856733618
331.85185185185185,976.2283464566929,18.25070840100218
331.85185185185185,976.2283464566929,18.281110651000766
331.85185185185185,976.2283464566929,18.297685109336292
331.85185185185185,976.2283464566929,18.31430910933252
331.85185185185185,976.2283464566929,18.330944359334374
333.037037037037,978.503937007874,18.35529798433256
333.037037037037,978.503937007874,18.37164519266937
333.037037037037,978.503937007874,18.402195317666177
333.037037037037,978.503937007874,18.418656567667334
334.22222222222223,980.7795275590552,18.448094900998534
334.22222222222223,980.7795275590552,18.467140443332728
335.4074074074074,980.7795275590552,18.485779026662176
335.4074074074074,980.7795275590552,18.50247627666319
336.5925925925926,980.7795275590552,18.51917685999867
336.5925925925926,983.0551181102362,18.551873526667595
336.5925925925926,983.0551181102362,18.568654110001052
336.5925925925926,983.0551181102362,18.585101568329964
337.77777777777777,983.0551181102362,18.616833776665562
337.77777777777777,983.0551181102362,18.63400702666765
338.962962962963,983.0551181102362,18.655366568332074
338.962962962963,983.0551181102362,18.690468067332176
338.962962962963,983.0551181102362,18.706816025667422
338.962962962963,983.0551181102362,18.732952942336624
338.962962962963,983.0551181102362,18.74919181733253
338.962962962963,983.0551181102362,18.777855483996746
338.962962962963,983.0551181102362,18.796921150664048
338.962962962963,983.0551181102362,18.81496306733584
338.962962962963,983.0551181102362,18.836179817335278
338.962962962963,983.0551181102362,18.858021067331492
338.962962962963,983.0551181102362,18.88054381666551
338.962962962963,983.0551181102362,18.914703608335902
338.962962962963,983.0551181102362,18.934445816665164
338.962962962963,983.0551181102362,18.95471498333608
338.962962962963,983.0551181102362,18.973307650003324
338.962962962963,983.0551181102362,19.005598941663255
338.962962962963,983.0551181102362,19.0246060249974
338.962962962963,983.0551181102362,19.047572316665526
338.962962962963,983.0551181102362,19.067605108333726
338.962962962963,983.0551181102362,19.08799764999982
338.962962962963,983.0551181102362,19.108719483330574
338.962962962963,983.0551181102362,19.13086048333186
338.962962962963,983.0551181102362,19.14854452499982
338.962962962963,983.0551181102362,19.17883748333385
338.962962962963,983.0551181102362,19.197366525004114
337.77777777777777,983.0551181102362,19.21524294166717
336.5925925925926,983.0551181102362,19.232312483334468
334.22222222222223,983.0551181102362,19.261868150002343
333.037037037037,983.0551181102362,19.278026275001835
331.85185185185185,983.0551181102362,19.295092899999492
331.85185185185185,983.0551181102362,19.31484285832956
331.85185185185185,983.0551181102362,19.332189108332006
331.85185185185185,983.0551181102362,19.35096577499606
331.85185185185185,983.0551181102362,19.371749858327878
331.85185185185185,983.0551181102362,19.393805816667356
331.85185185185185,983.0551181102362,19.41150319166589
331.85185185185185,983.0551181102362,19.428115233327464
331.85185185185185,983.0551181102362,19.460225191665433
331.85185185185185,983.0551181102362,19.480182733328167
331.85185185185185,983.0551181102362,19.50088894233195
331.85185185185185,983.0551181102362,19.52156519233395
331.85185185185185,985.3307086614174,19.54238102566742
331.85185185185185,985.3307086614174,19.56449444233149
331.85185185185185,985.3307086614174,19.582215817330873
331.85185185185185,985.3307086614174,19.5993306923323
331.85185185185185,987.6062992125984,19.629177900662764
333.037037037037,987.6062992125984,19.647542817334763
333.037037037037,987.6062992125984,19.665588525668138
334.22222222222223,987.6062992125984,19.682605150663587
334.22222222222223,987.6062992125984,19.701954193003367
335.4074074074074,987.6062992125984,19.720028359673343
335.4074074074074,987.6062992125984,19.740125776338864
336.5925925925926,985.3307086614174,19.757620234672977
336.5925925925926,983.0551181102362,19.777752693005205
336.5925925925926,980.7795275590552,19.795382984671342
336.5925925925926,976.2283464566929,19.81177477633657
336.5925925925926,971.6771653543307,19.84120206800919
334.22222222222223,969.4015748031496,19.85742752634298
331.85185185185185,969.4015748031496,19.874016318009417
328.2962962962963,967.1259842519685,19.891082318009758
324.74074074074076,967.1259842519685,19.907980567670993
320,964.8503937007874,19.924985025999295
318.81481481481484,964.8503937007874,19.94180131766635
317.6296296296296,964.8503937007874,19.95852023433409
317.6296296296296,964.8503937007874,19.975182567669354
317.6296296296296,964.8503937007874,19.993984484336497
316.44444444444446,964.8503937007874,20.011682067667525
316.44444444444446,964.8503937007874,20.044769692668442
316.44444444444446,969.4015748031496,20.06196648433698
316.44444444444446,971.6771653543307,20.078279734338967
316.44444444444446,971.6771653543307,20.094839692665946
316.44444444444446,973.9527559055118,20.111418067670293
316.44444444444446,973.9527559055118,20.143613151008886
316.44444444444446,971.6771653543307,20.16149852600558
317.6296296296296,971.6771653543307,20.178424692672543
318.81481481481484,967.1259842519685,20.207416734341514
320,967.1259842519685,20.2238975676699
320,967.1259842519685,20.25382885933852
320,967.1259842519685,20.27059490100857
320,967.1259842519685,20.2900404426726
320,969.4015748031496,20.307446067676047
320,971.6771653543307,20.324067775992383
320,973.9527559055118,20.340495525993113
320,973.9527559055118,20.35747002599522
320,976.2283464566929,20.389300900994506
320,976.2283464566929,20.412402609329668
320,978.503937007874,20.42920531766425
320,978.503937007874,20.446902692662782
320,980.7795275590552,20.463218400992567
320,980.7795275590552,20.481913484330228
320,980.7795275590552,20.500703150991406
320,980.7795275590552,20.52199719265912
321.18518518518516,983.0551181102362,20.543954525664127
321.18518518518516,983.0551181102362,20.56122748399965
321.18518518518516,983.0551181102362,20.578413900669226
322.3703703703704,985.3307086614174,20.597664108999275
322.3703703703704,987.6062992125984,20.615866108998567
322.3703703703704,987.6062992125984,20.633152942330604
322.3703703703704,989.8818897637796,20.649423733998525
322.3703703703704,989.8818897637796,20.669354609000116
322.3703703703704,992.1574803149606,20.686709317332394
322.3703703703704,992.1574803149606,20.706790275665377
322.3703703703704,992.1574803149606,20.724206192336247
322.3703703703704,992.1574803149606,20.753868317003718
322.3703703703704,992.1574803149606,20.786134775332822
323.55555555555554,992.1574803149606,20.80379127533298
324.74074074074076,992.1574803149606,20.833447192000232
325.9259259259259,992.1574803149606,20.851714150337568
325.9259259259259,989.8818897637796,20.869770025337413
327.1111111111111,989.8818897637796,20.88675490033121
327.1111111111111,989.8818897637796,20.91661927533779
327.1111111111111,987.6062992125984,20.932958317001532
328.2962962962963,987.6062992125984,20.952716442004668
328.2962962962963,985.3307086614174,20.970211359336226
328.2962962962963,983.0551181102362,20.986871692663534
328.2962962962963,983.0551181102362,21.006718525996384
328.2962962962963,980.7795275590552,21.02418498433557
328.2962962962963,980.7795275590552,21.05504785933457
328.2962962962963,980.7795275590552,21.07137456766808
328.2962962962963,980.7795275590552,21.089914359332887
328.2962962962963,978.503937007874,21.107408067668565
328.2962962962963,978.503937007874,21.12756606766792
328.2962962962963,976.2283464566929,21.14495560933441
328.2962962962963,973.9527559055118,21.165035151002066
328.2962962962963,973.9527559055118,21.182236400999788
328.2962962962963,973.9527559055118,21.199845859336452
328.2962962962963,973.9527559055118,21.216157317670255
328.2962962962963,973.9527559055118,21.247887401004224
328.2962962962963,973.9527559055118,21.271044817665203
328.2962962962963,971.6771653543307,21.292737025999774
328.2962962962963,971.6771653543307,21.31110277600175
328.2962962962963,971.6771653543307,21.333943775999902
328.2962962962963,971.6771653543307,21.351580859335915
328.2962962962963,971.6771653543307,21.37045969266848
328.2962962962963,971.6771653543307,21.387120859333173
328.2962962962963,971.6771653543307,21.41905973433264
328.2962962962963,971.6771653543307,21.43913244266829
328.2962962962963,971.6771653543307,21.45765548433652
328.2962962962963,971.6771653543307,21.477873317664
328.2962962962963,971.6771653543307,21.49545535933381
328.2962962962963,973.9527559055118,21.512730692665592
327.1111111111111,978.503937007874,21.543383401003176
325.9259259259259,983.0551181102362,21.561500859337194
325.9259259259259,985.3307086614174,21.590366026000318
324.74074074074076,987.6062992125984,21.606661984339787
324.74074074074076,989.8818897637796,21.626165317669127
324.74074074074076,992.1574803149606,21.643375192666333
324.74074074074076,992.1574803149606,21.660298484333232
324.74074074074076,994.4330708661417,21.677058776003157
324.74074074074076,994.4330708661417,21.695598734338326
324.74074074074076,994.4330708661417,21.717445734334667
324.74074074074076,994.4330708661417,21.748237401006243
324.74074074074076,992.1574803149606,21.764897526001057
325.9259259259259,989.8818897637796,21.781342192668724
325.9259259259259,985.3307086614174,21.800258859001403
327.1111111111111,980.7795275590552,21.81807177566843
327.1111111111111,978.503937007874,21.835354400666617
327.1111111111111,978.503937007874,21.851913109005906
327.1111111111111,978.503937007874,21.889455984003504
327.1111111111111,978.503937007874,21.906019442335307
327.1111111111111,978.503937007874,21.941503609005665
327.1111111111111,978.503937007874,21.959827400670108
327.1111111111111,980.7795275590552,21.975883692334534
327.1111111111111,983.0551181102362,21.99551415067144
325.9259259259259,985.3307086614174,22.01217440067083
325.9259259259259,985.3307086614174,22.02827735900317
325.9259259259259,987.6062992125984,22.044359484006037
325.9259259259259,987.6062992125984,22.060790234000507
325.9259259259259,987.6062992125984,22.086389484002922
325.9259259259259,987.6062992125984,22.102764900667154
325.9259259259259,985.3307086614174,22.133785400673133
325.9259259259259,985.3307086614174,22.153751984001048
325.9259259259259,980.7795275590552,22.18938927567322
325.9259259259259,980.7795275590552,22.206023150671882
325.9259259259259,980.7795275590552,22.22266127532924
325.9259259259259,980.7795275590552,22.263323441991755
325.9259259259259,983.0551181102362,22.296006400327254
325.9259259259259,983.0551181102362,22.317756608659632
325.9259259259259,985.3307086614174,22.335765316995033
325.9259259259259,985.3307086614174,22.367850608657985
325.9259259259259,983.0551181102362,22.39029015032423
325.9259259259259,976.2283464566929,22.408663900328914
325.9259259259259,971.6771653543307,22.425081525998507
325.9259259259259,969.4015748031496,22.44294981766518
327.1111111111111,969.4015748031496,22.461681276003333
327.1111111111111,969.4015748031496,22.479699484331036
327.1111111111111,969.4015748031496,22.49703169266661
327.1111111111111,969.4015748031496,22.516410651002047
327.1111111111111,969.4015748031496,22.53378485933729
327.1111111111111,969.4015748031496,22.55183073433375
327.1111111111111,969.4015748031496,22.570556609334858
327.1111111111111,969.4015748031496,22.599030276000235